dish,cuisine,mode,questions,place_shown,place_by_match,candidates,top1,top3,match_percent,winner,note
"Плов",central-asia,meal,4,1,1,38,1,1,79,"Плов",""
"Манты",central-asia,meal,6,1,1,38,1,1,84,"Манты",""
"Шашлык",central-asia,meal,7,1,1,38,1,1,86,"Шашлык",""
"Лагман",central-asia,meal,4,1,1,38,1,1,75,"Лагман",""
"Борщ",slavic,meal,5,1,1,35,1,1,71,"Борщ",""
"Пельмени",slavic,meal,6,1,1,35,1,1,82,"Пельмени",""
"Оливье",slavic,meal,8,1,1,35,1,1,78,"Оливье",""
"Пицца Пепперони",european,meal,5,1,1,46,1,1,86,"Пицца Пепперони",""
"Спагетти Карбонара",european,meal,6,2,2,46,0,1,81,"Лазанья Болоньезе",""
"Стейк рибай",european,meal,5,1,1,46,1,1,82,"Стейк рибай",""
"Суши",asian,meal,7,3,3,41,0,1,82,"Ролл Калифорния",""
"Рамен",asian,meal,8,2,2,41,0,1,84,"Фо бо",""
"Том ям",asian,meal,7,1,1,41,1,1,78,"Том ям",""
"Бургер",fast-food,meal,6,3,3,35,0,1,79,"Бургер с говяжьим беконом",""
"Адана-кебаб",middle-east,meal,5,1,1,33,1,1,75,"Адана-кебаб",""
"Хумус из чечевицы",middle-east,snack,6,,7,99,0,0,82,"Мутабаль","проиграло по очкам"
"Тирамису",european,dessert,5,1,1,40,1,1,83,"Тирамису",""
