id,hasChocolate,isCreamy,isFruity,isFrozen
tiramisu-16,any,yes,no,no
cannoli-160,no,yes,no,no
chocolate-crostata-167,yes,no,yes,no
chocolate-mint-cake-164,yes,yes,no,no
brownie-cookie-165,yes,no,no,no
gelato-158,any,yes,any,yes
sorbet-159,no,no,yes,yes
baklava-16,no,no,no,no
cold-baklava-272,yes,yes,no,no
katmer-271,no,yes,no,no
honey-pistachio-pide-238,no,yes,no,no
honey-kaymak-270,no,yes,no,no
trilece-275,no,yes,no,no
medovik-282,no,yes,no,no
napoleon-283,no,yes,no,no
smetannik-284,no,yes,no,no
syrniki-11,no,yes,any,no
blini-15,no,any,any,no
pirozhki-13,no,no,any,no
vareniki-03,no,any,any,no
cheesecake-450,no,yes,any,no
panna-cotta-451,no,yes,yes,no
eclair-452,yes,yes,no,no
profiteroles-453,yes,yes,no,no
apple-strudel-454,no,any,yes,any
chocolate-fondant-455,yes,yes,no,any
belgian-waffles-456,any,any,any,any
praga-cake-457,yes,yes,no,no
bird-milk-458,yes,yes,no,no
kartoshka-459,yes,yes,no,no
condensed-milk-tube-460,no,yes,no,no
blini-condensed-461,no,any,no,no
cherry-vareniki-462,no,any,yes,no
plombir-463,any,yes,no,yes
chak-chak-464,no,no,no,no
nishalda-465,no,yes,no,no
halva-466,no,no,no,no
kunefe-467,no,any,no,no
sutlac-468,no,yes,no,no
turkish-ice-cream-469,any,yes,any,yes
