id,mode,tag,question_group,question_ru,subtitle_ru,question_uz,subtitle_uz,applies_to,show_if,hide_if,priority,emoji,image,icon_hint
q_m_heavy,meal,isHeavy,Ощущения,"Сытное, чтобы наесться?",Или что-то лёгкое,"To‘yimli, to‘yib olish uchunmi?",Yoki yengilroq narsa,all,,,1,🍽️,,персонаж держится за круглый живот
q_m_soup,meal,isSoup,Форма,Суп?,Что-то с бульоном и ложкой,Sho‘rvami?,Suyuq va qoshiq bilan yeyiladigan,asian;central-asia;european;middle-east;slavic,,,1,🍲,,персонаж с дымящейся миской
q_m_meat,meal,hasMeat,Основа,С мясом?,"Говядина, баранина, курица",Go‘shtli bo‘lsinmi?,"Mol, qo‘y yoki tovuq go‘shti",all,,,2,🍗,,персонаж с куриной ножкой
q_m_noodles,meal,hasNoodles,Форма,Лапша или паста?,"Лагман, рамен, спагетти",Lag‘mon yoki pasta?,"Lag‘mon, ramen, spagetti",asian;central-asia;european;slavic,,,2,🍜,,персонаж накручивает лапшу на палочки
q_m_rice,meal,hasRice,Форма,На рисе?,"Плов, ризотто, роллы, жареный рис",Guruch asosidami?,"Osh, rizotto, rollar, qovurilgan guruch",asian;central-asia;european;middle-east,,,2,🍚,,персонаж с горкой риса
q_m_dough,meal,hasDough,Форма,На тесте?,"Самса, пельмени, пицца, пирожки",Xamir asosidami?,"Somsa, chuchvara, pitsa, pirojki",all,,,2,🥐,,персонаж с самсой в руках
q_m_hot,meal,isHot,Ощущения,Горячее?,Или можно холодное,Issiq bo‘lsinmi?,Yoki sovuq ham bo‘laveradi,all,,,3,🔥,,персонаж с дымящейся чашкой
q_m_fried,meal,isFried,Способ,"С хрустящей корочкой?",Зажаренное до хруста,"Qarsildoq qobiqlimi?",Qizartirib qovurilgan,all,,isSoup=yes,3,🍟,,персонаж со сковородкой
q_m_grilled,meal,isGrilled,Способ,С гриля или мангала?,"Шашлык, стейк, кебаб",Gril yoki mangaldanmi?,"Shashlik, steyk, kabob",central-asia;european;middle-east,,isSoup=yes,3,🍢,,персонаж у мангала с шампуром
q_m_seafood,meal,hasSeafood,Основа,Рыба или морепродукты?,"Роллы, креветки, форель",Baliq yoki dengiz mahsulotlarimi?,"Rollar, krevetka, forel",asian;european;middle-east;slavic,,hasMeat=yes,3,🐟,,персонаж с рыбкой
q_m_dumpling,meal,isDumpling,Форма,Пельмени или манты?,Тесто с начинкой внутри,Chuchvara yoki manti?,Ichligi bor xamir,asian;central-asia;european;middle-east;slavic,hasDough=yes,,3,🥟,,персонаж лепит пельмень
q_m_spicy,meal,isSpicy,Ощущения,Острое?,Чтобы немного жгло,Achchiq bo‘lsinmi?,Biroz achishtirsin,asian;middle-east;fast-food,,,4,🌶️,,персонаж с красным перцем и паром из ушей
q_m_fast,meal,isFast,Формат,По-быстрому?,"Готово за пару минут, можно взять с собой",Tezkor bo‘lsinmi?,"Bir necha daqiqada tayyor, olib ketsa bo‘ladi",asian;middle-east,,,4,⚡,,персонаж бежит с пакетом еды
q_m_hands,meal,byHand,Формат,"Руками, без приборов?",Без вилки и ножа,Qo‘l bilan yeyiladiganmi?,Vilka va pichoqsiz,all,,isSoup=yes,4,🤲,,персонаж держит бургер двумя руками
q_m_steamed,meal,isSteamed,Способ,На пару?,"Манты, ханум",Bug‘da pishganmi?,"Manti, xonim",central-asia,hasDough=yes,,4,♨️,,персонаж в облаке пара над пароваркой
q_m_cheese,meal,hasCheese,Основа,С сыром?,Тянется или чувствуется на вкус,Pishloqli bo‘lsinmi?,Cho‘ziladi yoki ta’mi seziladi,asian;european;fast-food;middle-east;slavic,,isSoup=yes,5,🧀,,персонаж с тянущимся сыром
q_m_veggies,meal,hasVeggies,Основа,Овощное?,"Салат, рагу, овощи гриль",Sabzavotli bo‘lsinmi?,"Salat, ragu, gril sabzavotlar",all,,,5,🥦,,персонаж с корзинкой овощей
q_m_fatty,meal,isFatty,Ощущения,"Жирное и сочное?","Плов, казан-кабоб, паста со сливками — насыщенный вкус","Yog‘li va sersuv bo‘lsinmi?","Osh, qozon-kabob, qaymoqli pasta — boy ta’m",all,,isHeavy=no,5,🤤,,персонаж облизывается над сочным блюдом
q_m_sweet,meal,isSweet,Ощущения,Сладкое?,"Сырники, блины с вареньем",Shirin bo‘lsinmi?,"Sirniki, murabboli blin",slavic,,,6,🍯,,персонаж с баночкой варенья
q_s_heavy,snack,isHeavy,Ощущения,Сытное?,Или совсем лёгкий перекус,To‘yimli bo‘lsinmi?,Yoki juda yengil tamaddi,all,,,1,🍽️,,персонаж держится за живот
q_s_hot,snack,isHot,Ощущения,Горячее?,Или можно холодное,Issiq bo‘lsinmi?,Yoki sovuq ham bo‘laveradi,all,,,2,🔥,,персонаж с дымящейся чашкой
q_s_asian,snack,cuisine:asian,Направление,Азиатское?,"Роллы, гёдза, спринг-роллы",Osiyocha bo‘lsinmi?,"Rollar, gyoza, spring roll",all,,,2,🥢,,персонаж с палочками для еды
q_s_fastfood,snack,cuisine:fast-food,Направление,Фастфуд?,"Бургер, хот-дог, наггетсы",Fastfud bo‘lsinmi?,"Burger, hot-dog, naggetslar",all,,,2,🍔,,персонаж с бургером и газировкой
q_s_east,snack,cuisine:middle-east,Направление,Восточное?,"Лепёшки, мезе, донер",Sharqona bo‘lsinmi?,"Non, meze, doner",all,,,3,🧆,,персонаж с лепёшкой и соусами
q_s_europe,snack,cuisine:european,Направление,Европейское?,"Брускетта, паштет, буррата",Yevropacha bo‘lsinmi?,"Brusketta, pashtet, burrata",all,,,3,🥖,,персонаж с багетом
q_s_fried,snack,isFried,Способ,"С хрустящей корочкой?",Зажаренное до хруста,"Qarsildoq qobiqlimi?",Qizartirib qovurilgan,all,,,3,🍟,,персонаж со сковородкой
q_s_meat,snack,hasMeat,Основа,С мясом?,"Говядина, баранина, курица",Go‘shtli bo‘lsinmi?,"Mol, qo‘y yoki tovuq go‘shti",all,,,3,🍗,,персонаж с куриной ножкой
q_s_seafood,snack,hasSeafood,Основа,Рыба или морепродукты?,"Роллы, креветки",Baliq yoki dengiz mahsulotlarimi?,"Rollar, krevetka",all,,hasMeat=yes,4,🐟,,персонаж с рыбкой
q_s_dough,snack,hasDough,Форма,Выпечка или лепёшка?,"Самса, пирожки, пиде",Pishiriq yoki nonmi?,"Somsa, pirojki, pide",all,,,4,🥐,,персонаж с самсой в руках
q_s_cheese,snack,hasCheese,Основа,С сыром?,Тянется или чувствуется на вкус,Pishloqli bo‘lsinmi?,Cho‘ziladi yoki ta’mi seziladi,all,,,4,🧀,,персонаж с тянущимся сыром
q_s_spicy,snack,isSpicy,Ощущения,Острое?,Чтобы немного жгло,Achchiq bo‘lsinmi?,Biroz achishtirsin,all,,,5,🌶️,,персонаж с красным перцем
q_s_hands,snack,byHand,Формат,"Руками, без приборов?",Без вилки и ножа,Qo‘l bilan yeyiladiganmi?,Vilka va pichoqsiz,all,,,5,🤲,,персонаж держит бургер двумя руками
q_s_veggies,snack,hasVeggies,Основа,Овощное?,"Салат, овощи, мезе",Sabzavotli bo‘lsinmi?,"Salat, sabzavot, meze",all,,,5,🥦,,персонаж с корзинкой овощей
q_d_hot,dessert,isHot,Ощущения,Тёплое?,"Блины, катмер, сырники",Iliq bo‘lsinmi?,"Blin, katmer, sirniki",all,,,1,🔥,,персонаж с тёплой тарелкой блинов
q_d_east,dessert,cuisine:middle-east,Направление,Восточные сладости?,"Баклава, катмер, каймак",Sharq shirinliklarimi?,"Baklava, katmer, qaymoq",all,,,2,🍯,,персонаж с подносом баклавы
q_d_home,dessert,cuisine:slavic,Направление,"Домашнее, как в детстве?","Медовик, «Картошка», блины, сырники","Uydagidek, bolalikdagidekmi?","Medovik, «Kartoshka», blin, sirniki",all,,,2,🥞,,персонаж в фартуке с тортом
q_d_choc,dessert,hasChocolate,Вкус,С шоколадом?,"Брауни, торт, тарт",Shokoladli bo‘lsinmi?,"Brauni, tort, tart",all,,,3,🍫,,персонаж с плиткой шоколада
q_d_creamy,dessert,isCreamy,Вкус,Нежное и кремовое?,"Крем, сливки, творог",Kremli va yumshoqmi?,"Krem, qaymoq, tvorog",all,,,3,🍰,,персонаж с куском торта
q_d_fruity,dessert,isFruity,Вкус,Фруктовое или ягодное?,"Сорбет, ягоды, варенье",Mevali yoki rezavorli?,"Sorbet, rezavor, murabbo",all,,,4,🍓,,персонаж с клубникой
q_d_nuts,dessert,allergen:nuts,Вкус,С орехами?,"Фисташки, грецкий орех",Yong‘oqli bo‘lsinmi?,"Pista, yong‘oq",all,,,4,🥜,,персонаж с горстью фисташек
q_d_frozen,dessert,isFrozen,Формат,"Холодное, как мороженое?","Мороженое, джелато, сорбет",Muzqaymoqdek sovuq bo‘lsinmi?,"Muzqaymoq, jelato, sorbet",all,,isHot=yes,5,🍨,,персонаж с рожком мороженого
q_d_hands,dessert,byHand,Формат,"Руками, без приборов?","Пирожок, брауни, канноли",Qo‘l bilan yeyiladiganmi?,"Pirojki, brauni, kannoli",all,,,5,🤲,,персонаж держит пирожок
q_m_chicken,meal,hasChicken,Основа,С курицей?,"Курица, а не говядина или баранина",Tovuqli bo‘lsinmi?,"Mol yoki qo‘y emas, tovuq go‘shti",all,,hasMeat=no,2,🐔,,персонаж с куриной ножкой в руке
q_m_wrap,meal,isWrap,Форма,В лаваше или тортилье?,"Шаурма, дюрюм, буррито, ролл",Lavash yoki tortilyadami?,"Shaurma, dyurum, burrito, roll",fast-food;middle-east,,isSoup=yes,3,🌯,,персонаж держит шаурму
q_s_chicken,snack,hasChicken,Основа,С курицей?,"Курица, а не говядина или баранина",Tovuqli bo‘lsinmi?,"Mol yoki qo‘y emas, tovuq go‘shti",all,,hasMeat=no,3,🐔,,персонаж с куриной ножкой в руке
q_s_wrap,snack,isWrap,Форма,В лаваше или тортилье?,"Шаурма, дюрюм, ролл",Lavash yoki tortilyadami?,"Shaurma, dyurum, roll",all,,,4,🌯,,персонаж держит шаурму
