id,name,name_uz,description,description_uz,cuisine,isHeavy,hasMeat,isHot,isSoup,isFast,emoji,image,allergens,isSpicy,isSweet,isFatty,hasVeggies,hasCheese,isFried,byHand,isSnack,hasNoodles,isGrilled,isDumpling,hasSeafood,hasRice,hasDough,isSteamed,dishType,source,hasChicken,isWrap,p_yes_calibrated
ramen-02,Рамен,Ramen,"Лапша в насыщенном мясном бульоне с мясом, яйцом и менмой.","To‘yimli go‘sht sho‘rvasida go‘sht, tuxum va menma bilan lag‘mon.",asian,yes,yes,yes,yes,no,🍜,https://pgmrurujvvpxpembsqir.supabase.co/storage/v1/object/public/dishes/ramen-02.png,"[""gluten"",""eggs""]",no,no,no,no,no,no,no,no,yes,no,no,no,no,no,no,main,,no,no,
duck-tantanmen-26,Тантанмен,Tantanmen,"Острый рамен на утином бульоне с уткой, яйцом, грибами и кешью.","Achchiq o‘rdak sho‘rvasida o‘rdak, tuxum, qo‘ziqorin va keshyu bilan ramen.",asian,yes,yes,yes,yes,no,🍜,,"[""gluten"",""eggs"",""nuts""]",yes,no,yes,no,no,no,no,no,yes,no,no,no,no,no,no,main,,no,no,
vegetable-ramen-24,Овощной рамен,Sabzavotli ramen,"Рамен на овощном бульоне с капустой, морковью, грибами и ростками.","Sabzavotli sho‘rvada karam, sabzi, qo‘ziqorin va nihollar bilan ramen.",asian,no,no,yes,yes,no,🍜,,"[""gluten"",""eggs""]",no,no,no,yes,no,no,no,no,yes,no,no,no,no,no,no,main,,no,no,
hiyashi-tomato-ramen-20,Холодный рамен с томатами,Pomidorli sovuq ramen,"Холодная лапша без бульона со свежими овощами и кунжутной заправкой.","Sho‘rvasiz sovuq lag‘mon yangi sabzavotlar va kunjutli sous bilan.",asian,no,no,no,no,no,🍜,,"[""gluten"",""eggs""]",no,no,no,any,no,no,no,no,yes,no,no,no,no,no,no,main,,no,no,
gyu-mazesoba-21,Мазесоба с говядиной,Mol go‘shtli mazesoba,"Лапша без бульона с говядиной, желтком, овощами и соевым соусом.","Sho‘rvasiz lag‘mon mol go‘shti, tuxum sarig‘i, sabzavot va soya sousi bilan.",asian,yes,yes,yes,no,no,🍜,,"[""gluten"",""eggs""]",any,no,no,no,no,no,no,no,yes,no,no,no,no,no,no,main,,no,no,
yakisoba-15,Якисоба,Yakisoba,"Жареная пшеничная лапша с говядиной, овощами и омлетом.","Mol go‘shti, sabzavot va omlet bilan qovurilgan bug‘doy lag‘moni.",asian,yes,yes,yes,no,any,🍜,https://pgmrurujvvpxpembsqir.supabase.co/storage/v1/object/public/dishes/yakisoba-15.png,"[""gluten"",""eggs""]",no,no,no,no,no,no,no,no,yes,no,no,no,no,no,no,main,,no,no,
salmon-donburi-40,Донбури с лососем,Qizil baliqli donburi,"Чаша риса с кусочками лосося и соусом.","Qizil baliq bo‘laklari va sous bilan guruch kosasi.",asian,no,no,no,no,no,🍚,,"[""seafood""]",no,no,no,no,no,no,no,no,no,no,no,yes,yes,no,no,main,,no,no,
toridon-76,Торидон,Toridon,"Чаша риса с хрустящей куриной котлетой в панировке и капустой.","Qarsildoq panirlangan tovuq kotleti va karam bilan guruch kosasi.",asian,yes,yes,yes,no,no,🍚,,"[""gluten"",""eggs""]",no,no,yes,no,no,yes,no,no,no,no,no,no,yes,no,no,main,,yes,no,
fried-rice-14,Жареный рис с курицей,Tovuqli qovurilgan guruch,"Рис, обжаренный с курицей, яйцом и овощами.","Tovuq, tuxum va sabzavot bilan qovurilgan guruch.",asian,yes,yes,yes,no,any,🍚,https://pgmrurujvvpxpembsqir.supabase.co/storage/v1/object/public/dishes/fried-rice-14.png,"[""eggs""]",no,no,no,no,no,no,no,no,no,no,no,no,yes,no,no,main,,yes,no,
kimchi-beef-rice-74,Жареный рис с кимчи и говядиной,Kimchi va mol go‘shtli qovurilgan guruch,"Острый жареный рис с кимчи, говяжьим беконом и яйцом.","Kimchi, mol go‘shti bekoni va tuxum bilan achchiq qovurilgan guruch.",asian,yes,yes,yes,no,any,🍚,,"[""eggs""]",yes,no,no,no,no,no,no,no,no,no,no,no,yes,no,no,main,,no,no,
seafood-fried-rice-75,Жареный рис с морепродуктами,Dengiz mahsulotli qovurilgan guruch,"Рис, обжаренный с морепродуктами, яйцом и овощами.","Dengiz mahsulotlari, tuxum va sabzavot bilan qovurilgan guruch.",asian,yes,no,yes,no,any,🍚,,"[""seafood"",""eggs""]",no,no,no,no,no,no,no,no,no,no,no,yes,yes,no,no,main,,no,no,
vegetable-fried-rice-78,Жареный рис с овощами,Sabzavotli qovurilgan guruch,"Рис, обжаренный с овощами и яйцом.","Sabzavot va tuxum bilan qovurilgan guruch.",asian,no,no,yes,no,any,🍚,,"[""eggs""]",no,no,no,any,no,no,no,no,no,no,no,no,yes,no,no,main,,no,no,
duck-teppanyaki-rice-72,Утка теппанъяки с рисом,Guruchli o‘rdak teppanyaki,"Утка, обжаренная на плите-теппане, с рисом.","Teppan plitasida qovurilgan o‘rdak guruch bilan.",asian,yes,yes,yes,no,no,🍚,,[],no,no,yes,no,no,any,no,no,no,no,no,no,yes,no,no,main,,no,no,
teriyaki-chicken-71,Курица терияки,Teriyaki tovuq,"Куриное бедро в сладко-солёном соусе терияки.","Shirin-sho‘r teriyaki sousidagi tovuq soni.",asian,yes,yes,yes,no,no,🍗,,"[""gluten""]",no,no,no,no,no,no,no,no,no,no,no,no,no,no,no,main,,yes,no,
gyuniku-nikomi-70,Гюнику никоми,Gyuniku nikomi,"Говядина, томлённая по-японски в сладко-солёном соусе.","Yaponcha shirin-sho‘r sousda uzoq dimlangan mol go‘shti.",asian,yes,yes,yes,no,no,🥩,,"[""gluten""]",no,no,no,no,no,no,no,no,no,no,no,no,no,no,no,main,,no,no,
tuna-baked-avocado-69,Тунец с печёным авокадо,Pishirilgan avokadoli tunets,"Обжаренный тунец с печёным авокадо.","Pishirilgan avokado bilan qovurilgan tunets.",asian,no,no,yes,no,no,🐟,,"[""seafood""]",no,no,no,any,no,no,no,no,no,no,no,yes,no,no,no,main,,no,no,
sushi-01,Суши,Sushi,"Нигири из риса с ломтиками рыбы или морепродуктов.","Baliq yoki dengiz mahsulotlari bo‘lakchalari bilan guruchli nigiri.",asian,no,no,no,no,any,🍣,https://pgmrurujvvpxpembsqir.supabase.co/storage/v1/object/public/dishes/sushi-01.png,"[""seafood""]",no,no,no,no,no,no,yes,yes,no,no,no,yes,yes,no,no,main,,no,no,
maki-47,Маки,Maki,"Небольшие роллы из риса и нори с рыбой или овощами.","Baliq yoki sabzavot bilan guruch va noridan kichik rollar.",asian,no,no,no,no,any,🍣,,"[""seafood""]",no,no,no,no,no,no,yes,yes,no,no,no,yes,yes,no,no,main,,no,no,
philadelphia-roll-52,Ролл Филадельфия,Filadelfiya roll,"Ролл с лососем, сливочным сыром и огурцом.","Qizil baliq, qaymoqli pishloq va bodring bilan roll.",asian,no,no,no,no,any,🍣,,"[""lactose"",""seafood""]",no,no,no,no,yes,no,yes,yes,no,no,no,yes,yes,no,no,main,,no,no,
dragon-roll-50,Ролл Дракон,Drakon roll,"Ролл с креветкой, угрём, авокадо и икрой тобико.","Krevetka, ilon baliq, avokado va tobiko ikrasi bilan roll.",asian,no,no,no,no,any,🍣,,"[""gluten"",""seafood""]",no,no,no,no,no,no,yes,yes,no,no,no,yes,yes,no,no,main,,no,no,
spicy-ebi-unagi-roll-49,Острый ролл с угрём и креветкой,Ilon baliq va krevetkali achchiq roll,"Ролл с креветкой, угрём, авокадо, сливочным сыром и острым соусом.","Krevetka, ilon baliq, avokado, qaymoqli pishloq va achchiq sous bilan roll.",asian,no,no,no,no,any,🍣,,"[""gluten"",""lactose"",""seafood""]",yes,no,no,no,yes,no,yes,yes,no,no,no,yes,yes,no,no,main,,no,no,
unagi-roll-53,Запечённый ролл с угрём,Pishirilgan ilon baliqli roll,"Тёплый запечённый ролл с угрём, авокадо и сливочным сыром.","Ilon baliq, avokado va qaymoqli pishloq bilan pishirilgan iliq roll.",asian,no,no,yes,no,any,🍣,,"[""gluten"",""lactose"",""seafood""]",no,no,no,no,yes,no,yes,no,no,no,no,yes,yes,no,no,main,,no,no,
tempura-roll-54,Темпура-ролл,Tempura roll,"Горячий ролл в кляре темпура с угрём, лососем и сливочным сыром.","Ilon baliq, qizil baliq va qaymoqli pishloq bilan tempura xamiridagi issiq roll.",asian,no,no,yes,no,any,🍣,,"[""gluten"",""lactose"",""seafood"",""eggs""]",no,no,yes,no,yes,yes,yes,no,no,no,no,yes,yes,no,no,main,,no,no,
gyoza-17,Гёдза с мясом,Go‘shtli gyoza,"Обжаренные японские пельмени из тонкого теста с мясной начинкой.","Go‘shtli ichlik bilan yupqa xamirdan qovurilgan yapon chuchvarasi.",asian,no,yes,yes,no,no,🥟,,"[""gluten""]",no,no,no,no,no,yes,no,yes,no,no,yes,no,no,yes,no,side,,no,no,
shrimp-gyoza-65,Гёдза с креветкой,Krevetkali gyoza,"Обжаренные японские пельмени из тонкого теста с креветкой.","Krevetka bilan yupqa xamirdan qovurilgan yapon chuchvarasi.",asian,no,no,yes,no,no,🥟,,"[""gluten"",""seafood""]",no,no,no,no,no,yes,no,yes,no,no,yes,yes,no,yes,no,side,,no,no,
onion-gyoza-67,Овощные гёдза,Sabzavotli gyoza,"Обжаренные японские пельмени с начинкой из лука и овощей.","Piyoz va sabzavotli ichlik bilan qovurilgan yapon chuchvarasi.",asian,no,no,yes,no,no,🥟,,"[""gluten""]",no,no,no,yes,no,yes,no,yes,no,no,yes,no,no,yes,no,side,,no,no,
tempura-09,Креветки темпура,Tempura krevetka,"Креветки в лёгком хрустящем кляре с соусом.","Yengil qarsildoq xamir qobig‘idagi krevetkalar sous bilan.",asian,no,no,yes,no,no,🍤,https://pgmrurujvvpxpembsqir.supabase.co/storage/v1/object/public/dishes/tempura-09.png,"[""gluten"",""seafood"",""eggs""]",no,no,yes,no,no,yes,no,yes,no,no,no,yes,no,no,no,side,,no,no,
karaage-chicken-59,Курица караагэ,Karaage tovuq,"Кусочки курицы в хрустящей панировке по-японски.","Yaponcha qarsildoq panirdagi tovuq bo‘laklari.",asian,no,yes,yes,no,no,🍗,,"[""gluten"",""eggs""]",no,no,yes,no,no,yes,no,yes,no,no,no,no,no,no,no,side,,yes,no,
spicy-chicken-wings-58,Острые куриные крылья,Achchiq tovuq qanotlari,"Жареные куриные крылья в остром соусе.","Achchiq sousdagi qovurilgan tovuq qanotlari.",asian,no,yes,yes,no,no,🍗,,[],yes,no,yes,no,no,yes,yes,yes,no,no,no,no,no,no,no,side,,yes,no,
duck-spring-roll-56,Спринг-ролл с уткой,O‘rdakli spring roll,"Хрустящий жареный ролл из тонкого теста с уткой и овощами.","O‘rdak va sabzavotli yupqa xamirdan qovurilgan qarsildoq roll.",asian,no,yes,yes,no,no,🌯,,"[""gluten""]",no,no,yes,no,no,yes,yes,yes,no,no,no,no,no,yes,no,side,,no,no,
vegetable-spring-roll-57,Овощной спринг-ролл,Sabzavotli spring roll,"Хрустящий жареный ролл из тонкого теста с овощной начинкой.","Sabzavotli ichlik bilan yupqa xamirdan qovurilgan qarsildoq roll.",asian,no,no,yes,no,no,🌯,,"[""gluten""]",no,no,yes,yes,no,yes,yes,yes,no,no,no,no,no,yes,no,side,,no,no,
potato-croquettes-60,Картофельные крокеты,Kartoshka kroketlari,"Хрустящие жареные картофельные крокеты.","Qarsildoq qovurilgan kartoshka kroketlari.",asian,no,no,yes,no,no,🥔,,"[""gluten"",""eggs""]",no,no,yes,no,no,yes,no,yes,no,no,no,no,no,no,no,side,,no,no,
fried-mozzarella-61,Жареная моцарелла,Qovurilgan motsarella,"Моцарелла в панировке, обжаренная до хрустящей корочки.","Qarsildoq qobiq hosil bo‘lguncha qovurilgan panirlangan motsarella.",asian,no,no,yes,no,no,🧀,,"[""gluten"",""lactose""]",no,no,yes,no,yes,yes,no,yes,no,no,no,no,no,no,no,side,,no,no,
crispy-eggplant-55,Хрустящий баклажан,Qarsildoq baqlajon,"Баклажан в хрустящей панировке с кисло-сладким соусом и грецким орехом.","Nordon-shirin sous va yong‘oq bilan qarsildoq baqlajon.",asian,no,no,yes,no,no,🍆,,"[""gluten"",""nuts""]",no,no,no,yes,no,yes,no,yes,no,no,no,no,no,no,no,side,,no,no,
tuna-tartare-39,Тартар из тунца,Tunets tartari,"Рубленый сырой тунец с хрустящим рисом.","Qarsildoq guruch bilan maydalangan xom tunets.",asian,no,no,no,no,no,🐟,,"[""seafood""]",no,no,no,no,no,no,no,yes,no,no,no,yes,yes,no,no,side,,no,no,
salmon-tataki-41,Татаки из лосося,Qizil baliq tatakisi,"Лосось, слегка обжаренный снаружи и почти сырой внутри.","Tashqi tomoni yengil qovurilgan, ichi deyarli xom qizil baliq.",asian,no,no,no,no,no,🐟,,"[""seafood""]",no,no,no,no,no,no,no,yes,no,no,no,yes,no,no,no,side,,no,no,
beef-tataki-42,Татаки из говядины,Mol go‘shti tatakisi,"Говядина, слегка обжаренная снаружи и почти сырая внутри.","Tashqi tomoni yengil qovurilgan, ichi deyarli xom mol go‘shti.",asian,no,yes,no,no,no,🥩,,"[""gluten""]",no,no,no,no,no,no,no,yes,no,no,no,no,no,no,no,side,,no,no,
shrimp-avocado-salad-43,Салат с креветками и авокадо,Krevetka va avokadoli salat,"Салат с креветками, авокадо и заправкой васаби.","Krevetka, avokado va vasabi sousi bilan salat.",asian,no,no,no,no,no,🥗,,"[""seafood""]",no,no,no,yes,no,no,no,yes,no,no,no,yes,no,no,no,side,,no,no,
duck-potato-salad-37,Картофельный салат с уткой,O‘rdakli kartoshka salati,"Картофельный салат с кусочками утки.","O‘rdak go‘shti bo‘laklari bilan kartoshka salati.",asian,no,yes,no,no,no,🥗,,"[""eggs""]",no,no,no,any,no,no,no,yes,no,no,no,no,no,no,no,side,,no,no,
edamame-32,Эдамаме,Edamame,"Молодые соевые бобы с солью.","Tuzli yosh soya dukkaklari.",asian,no,no,no,no,yes,🫛,,[],no,no,no,yes,no,no,yes,yes,no,no,no,no,no,no,no,side,,no,no,
kimchi-35,Кимчи,Kimchi,"Острая квашеная капуста по-корейски.","Koreyscha achchiq tuzlangan karam.",asian,no,no,no,no,yes,🥬,,[],yes,no,no,yes,no,no,no,yes,no,no,no,no,no,no,no,side,,no,no,
carrot-salad-34,Морковный салат,Sabzi salati,"Лёгкий салат из моркови в азиатской заправке.","Osiyocha sousdagi yengil sabzi salati.",asian,no,no,no,no,yes,🥕,,[],any,no,no,yes,no,no,no,yes,no,no,no,no,no,no,no,side,,no,no,
smashed-cucumbers-45,Битые огурцы,Ezilgan bodring,"Хрустящие битые огурцы в азиатской заправке.","Osiyocha sousdagi qarsildoq ezilgan bodring.",asian,no,no,no,no,yes,🥒,,[],any,no,no,yes,no,no,no,yes,no,no,no,no,no,no,no,side,,no,no,
muer-mushrooms-30,Грибы муэр,Muer qo‘ziqorinlari,"Древесные грибы муэр в кисло-сладком соусе с арахисом.","Nordon-shirin sousda yeryong‘oq bilan muer qo‘ziqorinlari.",asian,no,no,no,no,yes,🍄,,"[""nuts""]",no,no,no,yes,no,no,no,yes,no,no,no,no,no,no,no,side,,no,no,
plov-01,Плов,Osh (palov),"Рис с бараниной, морковью, нутом и специями, приготовленный в казане.","Qozonda pishirilgan qo‘y go‘shti, sabzi, no‘xat va ziravorli guruch.",central-asia,1,yes,yes,no,no,🍛,https://pgmrurujvvpxpembsqir.supabase.co/storage/v1/object/public/dishes/plov-01.png,[],0,0,0.75,any,no,no,no,no,no,no,no,no,yes,no,no,main,,no,no,
lagman-02,Лагман,Lag‘mon,"Суп с домашней тянутой лапшой, мясом и овощами.","Uy cho‘zma lag‘moni, go‘sht va sabzavotlar bilan sho‘rva.",central-asia,0.75,yes,yes,yes,no,🍜,https://pgmrurujvvpxpembsqir.supabase.co/storage/v1/object/public/dishes/lagman-02.png,"[""gluten""]",0.25,0,0.75,no,no,no,no,no,yes,no,no,no,no,no,no,main,,no,no,
uyghur-lagman-169,Уйгурский лагман,Uyg‘ur lag‘moni,"Тянутая лапша с бараниной, густой овощной подливой и специями.","Qo‘y go‘shti, quyuq sabzavotli qayla va ziravorlar bilan cho‘zma lag‘mon.",central-asia,0.75,yes,yes,no,no,🍜,,"[""gluten""]",0.75,0,0.75,no,no,no,no,no,yes,no,no,no,no,no,no,main,,no,no,
fried-lagman-179,Ковурма лагман,Qovurma lag‘mon,"Обжаренная лапша с мясом, овощами, зеленью и яйцом.","Go‘sht, sabzavot, ko‘kat va tuxum bilan qovurilgan lag‘mon.",central-asia,0.75,yes,yes,no,no,🍜,,"[""gluten"",""eggs""]",0.25,0,0.75,no,no,no,no,no,yes,no,no,no,no,no,no,main,,no,no,
mastava-06,Мастава,Mastava,"Узбекский рисовый суп с мясом, овощами и специями.","Go‘sht, guruch, sabzavot va ziravorlar bilan o‘zbek sho‘rvasi.",central-asia,0.75,yes,yes,yes,no,🍲,https://pgmrurujvvpxpembsqir.supabase.co/storage/v1/object/public/dishes/mastava-06.png,[],0,0,0.25,no,no,no,no,no,no,no,no,no,yes,no,no,main,,no,no,
shurpa-12,Шурпа,Sho‘rva,"Наваристый бульон с крупными кусками баранины и овощами.","Yirik qo‘y go‘shti bo‘laklari va sabzavotlar bilan to‘yimli sho‘rva.",central-asia,0.75,yes,yes,yes,no,🍲,https://pgmrurujvvpxpembsqir.supabase.co/storage/v1/object/public/dishes/shurpa-12.png,[],0,0,0.75,no,no,no,no,no,no,no,no,no,no,no,no,main,,no,no,
mampar-174,Мампар,Mampar,"Густой мясной суп с овощами и кусочками теста.","Go‘sht, sabzavot va xamir bo‘laklari bilan quyuq sho‘rva.",central-asia,0.75,yes,yes,yes,no,🍲,,"[""gluten""]",0.25,0,0.25,yes,no,no,no,no,no,no,no,no,no,yes,no,main,,no,no,
meatball-soup-176,Суп с фрикадельками,Frikadelkali sho‘rva,"Мясной суп с фрикадельками, овощами и лапшой.","Frikadelka, sabzavot va lag‘mon bilan go‘shtli sho‘rva.",central-asia,0.75,yes,yes,yes,no,🍲,,"[""gluten""]",0,0,0.25,no,no,no,no,no,any,no,no,no,no,no,no,main,,no,no,
chicken-soup-219,Куриный суп,Tovuqli sho‘rva,"Прозрачный куриный бульон с кусочками курицы и овощами.","Tovuq bo‘laklari va sabzavotlar bilan tiniq tovuq sho‘rvasi.",central-asia,0.25,yes,yes,yes,no,🍲,,[],0,0,0.25,no,no,no,no,no,no,no,no,no,no,no,no,main,,yes,no,
mash-soup-211,Машевый суп,Mosh sho‘rva,"Горячий суп из маша с овощами и восточными специями.","Mosh, sabzavot va sharqona ziravorlardan issiq sho‘rva.",central-asia,0.75,any,yes,yes,no,🍲,,[],0.25,0,0.25,no,no,no,no,no,no,no,no,no,no,no,no,main,,no,no,
ganpan-178,Ганпан,Ganpan,"Рис с бараниной и пряной овощной подливой.","Qo‘y go‘shti va ziravorli sabzavot qaylasi bilan guruch.",central-asia,0.75,yes,yes,no,no,🍚,,[],0.75,0,0.75,no,no,no,no,no,no,no,no,no,yes,no,no,main,,no,no,
mashkichiri-207,Машкичири,Moshkichiri,"Густое блюдо из маша, риса, мяса и овощей.","Mosh, guruch, go‘sht va sabzavotlardan tayyorlanadigan quyuq taom.",central-asia,1,yes,yes,any,no,🍚,,[],0,0,0.75,no,no,no,no,no,no,no,no,no,yes,no,no,main,,no,no,
dolma-195,Долма,Do‘lma,"Мясная начинка с рисом в виноградных листьях.","Uzum bargiga o‘ralgan guruchli go‘sht ichligi.",central-asia,0.75,yes,yes,no,no,🥬,,[],0,0,0.25,any,no,no,no,no,no,no,no,no,no,no,no,main,,no,no,
kazan-kebab-10,Казан-кабоб,Qozon kabob,"Баранина с картофелем, обжаренная в казане со специями.","Kartoshka va ziravorlar bilan qozonda qovurilgan qo‘y go‘shti.",central-asia,1,yes,yes,no,no,🍖,https://pgmrurujvvpxpembsqir.supabase.co/storage/v1/object/public/dishes/kazan-kebab-10.png,[],0,0,0.75,no,no,yes,no,no,no,no,no,no,no,no,no,main,,no,no,
sokoro-182,Сокоро,Sokoro,"Нежная баранина, обжаренная с луком.","Piyoz bilan qovurilgan yumshoq qo‘y go‘shti.",central-asia,0.75,yes,yes,no,no,🍖,,[],0,0,0.75,no,no,no,no,no,no,no,no,no,no,no,no,main,,no,no,
meat-sai-184,Сай с мясом,Go‘shtli say,"Обжаренная баранина с овощами в пряной подливе.","Ziravorli qaylada sabzavotlar bilan qovurilgan qo‘y go‘shti.",central-asia,0.75,yes,yes,no,no,🥘,,[],0.75,0,0.75,no,no,no,no,no,no,no,no,no,no,no,no,main,,no,no,
chicken-sai-188,Куриный сай,Tovuqli say,"Обжаренная курица с овощами и специями.","Sabzavot va ziravorlar bilan qovurilgan tovuq.",central-asia,0.75,yes,yes,no,no,🥘,,[],0.75,0,0.25,no,no,no,no,no,no,no,no,no,no,no,no,main,,yes,no,
vaguri-209,Вагури,Vaguri,"Баранина на кости, обжаренная со специями до румяной корочки.","Ziravorlar bilan qizarguncha qovurilgan suyakli qo‘y go‘shti.",central-asia,0.75,yes,yes,no,no,🍖,,[],0.25,0,0.75,no,no,yes,no,no,no,no,no,no,no,no,no,main,,no,no,
lamb-ribs-potatoes-189,Бараньи рёбрышки с картофелем,Kartoshkali qo‘y qovurg‘asi,"Обжаренные бараньи рёбрышки с картофелем и специями.","Kartoshka va ziravorlar bilan qovurilgan qo‘y qovurg‘asi.",central-asia,1,yes,yes,no,no,🍖,,[],0,0,1,no,no,any,no,no,no,no,no,no,no,no,no,main,,no,no,
olive-oil-chicken-187,Цыплёнок на оливковом масле,Zaytun yog‘idagi jo‘ja,"Маринованный цыплёнок, обжаренный на оливковом масле с овощами.","Zaytun yog‘ida sabzavotlar bilan qovurilgan marinadlangan jo‘ja.",central-asia,0.75,yes,yes,no,no,🍗,,[],0,0,0.25,no,no,any,no,no,no,no,no,no,no,no,no,main,,yes,no,
beef-stew-186,Тушёная говядина,Dimlangan mol go‘shti,"Говядина, тушённая со специями и луком.","Ziravorlar va piyoz bilan dimlangan mol go‘shti.",central-asia,0.75,yes,yes,no,no,🥘,,[],0,0,0.25,no,no,no,no,no,no,no,no,no,no,no,no,main,,no,no,
beef-tail-190,Думгаза,Dumg‘aza,"Тушёный говяжий хвост с овощами и специями.","Sabzavot va ziravorlar bilan dimlangan mol dumi.",central-asia,1,yes,yes,no,no,🥘,,[],0,0,1,no,no,no,no,no,no,no,no,no,no,no,no,main,,no,no,
halim-206,Халим,Halim,"Густое блюдо из долго томлёной пшеницы и мяса.","Uzoq dimlangan bug‘doy va go‘shtdan tayyorlanadigan quyuq taom.",central-asia,1,yes,yes,any,no,🥣,,"[""gluten""]",0,0,0.75,no,no,no,no,no,no,no,no,no,no,no,no,main,,no,no,
norin-08,Норин,Norin,"Тонко нарезанная лапша с кониной, подаётся с бульоном.","Ot go‘shti bilan yupqa to‘g‘ralgan xamir, sho‘rva bilan beriladi.",central-asia,0.75,yes,no,no,no,🍜,https://pgmrurujvvpxpembsqir.supabase.co/storage/v1/object/public/dishes/norin-08.png,"[""gluten""]",0,0,0.75,no,no,no,no,no,yes,no,no,no,no,no,no,main,,no,no,
beshbarmak-11,Бешбармак,Beshbarmoq,"Отварное мясо с широкой лапшой, луком и бульоном.","Qaynatilgan go‘sht keng xamir, piyoz va sho‘rva bilan.",central-asia,1,yes,yes,no,no,🍜,https://pgmrurujvvpxpembsqir.supabase.co/storage/v1/object/public/dishes/beshbarmak-11.png,"[""gluten""]",0,0,0.75,no,no,no,no,no,yes,no,no,no,no,no,no,main,,no,no,
manti-03,Манты,Manti,"Паровые изделия из тонкого теста с бараниной и луком.","Qo‘y go‘shti va piyozli yupqa xamirdan bug‘da pishirilgan manti.",central-asia,0.75,yes,yes,no,no,🥟,https://pgmrurujvvpxpembsqir.supabase.co/storage/v1/object/public/dishes/manti-03.png,"[""gluten""]",0,0,0.75,no,no,no,any,no,no,no,yes,no,no,yes,yes,main,,no,no,
juvava-194,Жувава,Juvava,"Уйгурские пельмени из тонкого теста с мясной начинкой.","Go‘shtli ichlik bilan yupqa xamirdan uyg‘urcha chuchvara.",central-asia,0.75,yes,yes,no,no,🥟,,"[""gluten""]",0,0,0.75,no,no,no,no,no,no,no,yes,no,no,yes,no,main,,no,no,
chuchvara-09,Чучвара,Chuchvara,"Маленькие пельмени с мясом, в бульоне или со сметаной.","Sho‘rvada yoki smetana bilan beriladigan go‘shtli mayda chuchvara.",central-asia,0.75,yes,yes,any,no,🥟,https://pgmrurujvvpxpembsqir.supabase.co/storage/v1/object/public/dishes/chuchvara-09.png,"[""gluten"",""lactose""]",0,0,0.25,no,no,no,no,no,no,no,yes,no,no,yes,no,main,,no,no,
hanum-14,Ханум,Xonim,"Рулет из тонкого теста с мясом и луком, приготовленный на пару.","Bug‘da pishirilgan go‘sht va piyozli yupqa xamir rulet.",central-asia,0.75,yes,yes,no,no,🥟,https://pgmrurujvvpxpembsqir.supabase.co/storage/v1/object/public/dishes/hanum-14.png,"[""gluten""]",0,0,0.75,no,no,no,no,no,no,no,any,no,no,yes,yes,main,,no,no,
dimlama-07,Димлама,Dimlama,"Мясо, томлённое в казане с картофелем, капустой и овощами.","Qozonda kartoshka, karam va sabzavotlar bilan dimlangan go‘sht.",central-asia,0.75,yes,yes,no,no,🥘,https://pgmrurujvvpxpembsqir.supabase.co/storage/v1/object/public/dishes/dimlama-07.png,[],0,0,0.75,yes,no,no,no,no,no,no,no,no,no,no,no,main,,no,no,
tandir-gosht-15,Тандыр гушт,Tandir go‘sht,"Баранина, томлённая в тандыре до мягкости.","Tandirda yumshoq bo‘lguncha pishirilgan qo‘y go‘shti.",central-asia,1,yes,yes,no,no,🍖,https://pgmrurujvvpxpembsqir.supabase.co/storage/v1/object/public/dishes/tandir-gosht-15.png,[],0,0,0.75,no,no,no,no,no,no,any,no,no,no,no,no,main,,no,no,
samsa-04,Самса,Somsa,"Слоёное тесто с бараниной и луком, запечённое в тандыре.","Qo‘y go‘shti va piyozli qatlama xamir, tandirda pishiriladi.",central-asia,0.75,yes,yes,no,yes,🥟,https://pgmrurujvvpxpembsqir.supabase.co/storage/v1/object/public/dishes/samsa-04.png,"[""gluten""]",0,0,0.75,no,no,yes,yes,yes,no,no,no,no,no,yes,no,main,,no,no,
hoshang-197,Хошан,Xo‘shan,"Жареные дрожжевые пирожки с мясом и луком.","Go‘sht va piyozli qovurilgan xamirturushli pirojkilar.",central-asia,0.75,yes,yes,no,yes,🥟,,"[""gluten""]",0,0,1,no,no,yes,yes,yes,no,no,no,no,no,yes,no,main,,no,no,
qurutob-213,Курутоб,Qurutob,"Кусочки лепёшки с кисломолочным соусом, луком, томатами и зеленью.","Non bo‘laklari qatiqli sous, piyoz, pomidor va ko‘kat bilan.",central-asia,0.75,no,any,no,no,🥣,,"[""gluten"",""lactose""]",0,0,0.75,yes,no,no,no,no,no,no,no,no,no,any,no,main,,no,no,
shashlik-05,Шашлык,Shashlik,"Маринованная баранина или говядина, приготовленная на углях.","Ko‘mirda pishirilgan marinadlangan qo‘y yoki mol go‘shti.",central-asia,0.75,yes,yes,no,no,🍢,https://pgmrurujvvpxpembsqir.supabase.co/storage/v1/object/public/dishes/shashlik-05.png,[],0.25,0,0.75,no,no,no,any,no,no,yes,no,no,no,no,no,main,,no,no,
chicken-shashlik-201,Шашлык из курицы,Tovuq shashligi,"Маринованные кусочки курицы, приготовленные на мангале.","Mangalda pishirilgan marinadlangan tovuq bo‘laklari.",central-asia,0.75,yes,yes,no,no,🍢,,[],0.25,0,0.25,no,no,no,no,no,no,yes,no,no,no,no,no,main,,yes,no,
ground-meat-shashlik-202,Люля-кебаб,Qiyma kabob,"Рубленое мясо со специями, приготовленное на мангале.","Mangalda pishirilgan ziravorli qiyma go‘sht.",central-asia,0.75,yes,yes,no,no,🍢,,[],0.25,0,0.75,no,no,no,any,no,no,yes,no,no,no,no,no,main,,no,no,
vegetable-shashlik-218,Овощной шашлык,Sabzavotli shashlik,"Овощи, приготовленные на мангале.","Mangalda pishirilgan sabzavotlar.",central-asia,0.25,no,yes,no,no,🍢,,[],0.25,0,0.25,yes,no,no,no,no,no,yes,no,no,no,no,no,main,,no,no,
achichuk-203,Ачичук,Achchiq-chuchuk,"Салат из тонко нарезанных помидоров и репчатого лука.","Yupqa to‘g‘ralgan pomidor va piyozdan salat.",central-asia,0,no,no,no,no,🥗,,[],0.25,0,0,yes,no,no,no,yes,no,no,no,no,no,no,no,side,,no,no,
suzma-212,Сузьма,Suzma,"Густая кисломолочная закуска с кремовой текстурой.","Qaymoqsimon quyuq sutli gazak.",central-asia,0.25,no,no,no,no,🥣,,"[""lactose""]",0,0,0.5,no,no,no,no,yes,no,no,no,no,no,no,no,side,,no,no,
tuna-salad-88,Салат с тунцом,Tunetsli salat,"Салат с тунцом, овощами и горчичной заправкой.","Tunets, sabzavot va xantalli sous bilan salat.",european,no,no,no,no,no,🥗,,"[""seafood""]",no,no,no,yes,no,no,no,no,no,no,no,yes,no,no,no,main,,no,no,
crab-stracciatella-salad-89,Салат с крабом и страчателлой,Qisqichbaqa va strachatellali salat,"Салат с крабом и мягким сыром страчателла.","Qisqichbaqa va yumshoq strachatella pishlog‘i bilan salat.",european,no,no,no,no,no,🥗,,"[""lactose"",""seafood""]",no,no,no,yes,any,no,no,no,no,no,no,yes,no,no,no,main,,no,no,
chicken-liver-salad-91,Салат с куриной печенью,Tovuq jigarli salat,"Салатная зелень с обжаренной куриной печенью.","Qovurilgan tovuq jigari bilan salat ko‘katlari.",european,no,yes,no,no,no,🥗,,[],no,no,no,yes,no,no,no,no,no,no,no,no,no,no,no,main,,any,no,
romano-salad-93,Салат Романо,Romano salati,"Салат романо с курицей или креветками.","Tovuq yoki krevetka bilan romano salati.",european,no,any,no,no,no,🥗,,"[""seafood""]",no,no,no,yes,no,no,no,no,no,no,no,any,no,no,no,main,,any,no,
halloumi-tomato-salad-94,Салат с халлуми и томатами,Hallumi va pomidorli salat,"Салат с обжаренным сыром халлуми и свежими томатами.","Qovurilgan hallumi pishlog‘i va yangi pomidor bilan salat.",european,no,no,no,no,no,🥗,,"[""lactose""]",no,no,any,yes,yes,no,no,no,no,no,no,no,no,no,no,main,,no,no,
green-berry-gorgonzola-salad-95,Зелёный салат с ягодами и горгонзолой,Rezavor va gorgonzolali yashil salat,"Зелёный салат с ягодами и сыром горгонзола.","Rezavorlar va gorgonzola pishlog‘i bilan yashil salat.",european,no,no,no,no,no,🥗,,"[""lactose""]",no,no,no,yes,yes,no,no,no,no,no,no,no,no,no,no,main,,no,no,
shrimp-avocado-salad-96,Салат с креветками и авокадо,Krevetka va avokadoli salat,"Салат с креветками, томатами и авокадо.","Krevetka, pomidor va avokado bilan salat.",european,no,no,no,no,no,🥗,,"[""seafood""]",no,no,no,yes,no,no,no,no,no,no,no,yes,no,no,no,main,,no,no,
pumpkin-cream-soup-102,Тыквенный крем-суп,Qovoqli krem-sho‘rva,"Крем-суп из тыквы со страчателлой.","Strachatella bilan qovoqli krem-sho‘rva.",european,no,no,yes,yes,no,🎃,,"[""lactose""]",no,no,any,yes,any,no,no,no,no,no,no,no,no,no,no,main,,no,no,
creamy-trout-soup-103,Сливочный суп с форелью,Qaymoqli forel sho‘rvasi,"Сливочный суп с форелью и укропом.","Forel va shivit bilan qaymoqli sho‘rva.",european,no,no,yes,yes,no,🍲,,"[""lactose"",""seafood""]",no,no,yes,no,no,no,no,no,no,no,no,yes,no,no,no,main,,no,no,
seafood-soup-105,Суп с морепродуктами,Dengiz mahsulotli sho‘rva,"Рыбный бульон с ассорти морепродуктов.","Dengiz mahsulotlari bilan baliq sho‘rvasi.",european,no,no,yes,yes,no,🍲,,"[""seafood""]",no,no,no,no,no,no,no,no,no,no,no,yes,no,no,no,main,,no,no,
mushroom-tortellini-soup-106,Грибной суп с тортеллини,Tortellinili qo‘ziqorin sho‘rvasi,"Грибной суп с тортеллини с куриной начинкой.","Tovuqli tortellini bilan qo‘ziqorin sho‘rvasi.",european,no,yes,yes,yes,no,🍲,,"[""gluten"",""eggs""]",no,no,no,no,no,no,no,no,no,no,any,no,no,any,no,main,,no,no,
pizza-04,Пицца Маргарита,Margarita pitsasi,"Пицца с томатным соусом, моцареллой и базиликом.","Pomidor sousi, motsarella va rayhon bilan pitsa.",european,yes,no,yes,no,any,🍕,https://pgmrurujvvpxpembsqir.supabase.co/storage/v1/object/public/dishes/pizza-04.png,"[""gluten"",""lactose""]",no,no,yes,no,yes,no,yes,no,no,no,no,no,no,yes,no,main,,no,no,
pizza-pepperoni-10,Пицца Пепперони,Pepperoni pitsasi,"Пицца с пепперони, томатным соусом и моцареллой.","Pepperoni, pomidor sousi va motsarella bilan pitsa.",european,yes,yes,yes,no,any,🍕,https://pgmrurujvvpxpembsqir.supabase.co/storage/v1/object/public/dishes/pizza-pepperoni-10.png,"[""gluten"",""lactose""]",no,no,yes,no,yes,no,yes,no,no,no,no,no,no,yes,no,main,,no,no,
diablo-pizza-109,Пицца Диабло,Diablo pitsasi,"Острая пицца с халапеньо, томатным соусом и сыром.","Xalapenyo, pomidor sousi va pishloq bilan achchiq pitsa.",european,yes,no,yes,no,any,🍕,,"[""gluten"",""lactose""]",yes,no,yes,no,yes,no,yes,no,no,no,no,no,no,yes,no,main,,no,no,
four-cheese-pizza-111,Пицца Четыре сыра,To‘rt pishloqli pitsa,"Пицца с сочетанием четырёх сыров.","To‘rt xil pishloq bilan pitsa.",european,yes,no,yes,no,any,🍕,,"[""gluten"",""lactose""]",no,no,yes,no,yes,no,yes,no,no,no,no,no,no,yes,no,main,,no,no,
ham-mushroom-pizza-114,Пицца с ветчиной и грибами,Vetchina va qo‘ziqorinli pitsa,"Пицца с ветчиной, грибами и сыром.","Vetchina, qo‘ziqorin va pishloq bilan pitsa.",european,yes,yes,yes,no,any,🍕,,"[""gluten"",""lactose""]",no,no,yes,no,yes,no,yes,no,no,no,no,no,no,yes,no,main,,no,no,
lasagna-02,Лазанья Болоньезе,Bolonyeze lazanyasi,"Слоёная паста с мясным соусом болоньезе, соусом бешамель и сыром.","Go‘shtli bolonyeze sousi, beshamel va pishloq bilan qatlamli pasta.",european,yes,yes,yes,no,no,🍝,https://pgmrurujvvpxpembsqir.supabase.co/storage/v1/object/public/dishes/lasagna-02.png,"[""gluten"",""lactose""]",no,no,yes,no,yes,no,no,no,yes,no,no,no,no,no,no,main,,no,no,
carbonara-01,Спагетти Карбонара,Karbonara spagetti,"Спагетти с говяжьим беконом, желтком и сыром в соусе карбонара.","Mol go‘shti bekoni, tuxum sarig‘i va pishloq bilan karbonara spagettisi.",european,yes,yes,yes,no,no,🍝,https://pgmrurujvvpxpembsqir.supabase.co/storage/v1/object/public/dishes/carbonara-01.png,"[""gluten"",""lactose"",""eggs""]",no,no,yes,no,any,no,no,no,yes,no,no,no,no,no,no,main,,no,no,
spaghetti-bolognese-130,Спагетти Болоньезе,Bolonyeze spagetti,"Спагетти с мясным соусом болоньезе и бурратой.","Go‘shtli bolonyeze sousi va burrata bilan spagetti.",european,yes,yes,yes,no,no,🍝,,"[""gluten"",""lactose""]",no,no,no,no,no,no,no,no,yes,no,no,no,no,no,no,main,,no,no,
spaghetti-alfredo-134,Спагетти Альфредо,Alfredo spagetti,"Спагетти в сливочно-сырном соусе Альфредо.","Alfredo qaymoqli-pishloqli sousidagi spagetti.",european,yes,no,yes,no,no,🍝,,"[""gluten"",""lactose""]",no,no,yes,no,yes,no,no,no,yes,no,no,no,no,no,no,main,,no,no,
spaghetti-pomodoro-121,Спагетти аль помодоро,Pomidorli spagetti,"Спагетти в томатном соусе со страчателлой.","Pomidor sousi va strachatella bilan spagetti.",european,yes,no,yes,no,no,🍝,,"[""gluten"",""lactose""]",no,no,no,no,no,no,no,no,yes,no,no,no,no,no,no,main,,no,no,
penne-arrabbiata-beef-123,Пенне арабьята с говядиной,Mol go‘shtli penne arrabbiata,"Острая паста пенне в томатном соусе с говядиной и страчателлой.","Pomidor sousida mol go‘shti va strachatella bilan achchiq penne.",european,yes,yes,yes,no,no,🍝,,"[""gluten"",""lactose""]",yes,no,no,no,no,no,no,no,yes,no,no,no,no,no,no,main,,no,no,
pappardelle-beef-124,Паппарделле с говядиной,Mol go‘shtli pappardelle,"Широкая паста паппарделле с говядиной в перечном соусе.","Qalampirli sousda mol go‘shti bilan keng pappardelle.",european,yes,yes,yes,no,no,🍝,,"[""gluten"",""eggs""]",no,no,no,no,no,no,no,no,yes,no,no,no,no,no,no,main,,no,no,
farfalle-salmon-119,Фарфалле с лососем,Qizil baliqli farfalle,"Паста фарфалле с лососем и томатами черри.","Qizil baliq va cherri pomidor bilan farfalle pasta.",european,yes,no,yes,no,no,🍝,,"[""gluten"",""seafood""]",no,no,no,no,no,no,no,no,yes,no,no,yes,no,no,no,main,,no,no,
seafood-spaghetti-127,Спагетти с морепродуктами,Dengiz mahsulotli spagetti,"Спагетти с ассорти морепродуктов.","Dengiz mahsulotlari bilan spagetti.",european,yes,no,yes,no,no,🍝,,"[""gluten"",""seafood""]",no,no,no,no,no,no,no,no,yes,no,no,yes,no,no,no,main,,no,no,
creamy-ptitim-shrimp-132,Птитим с креветками,Krevetkali ptitim,"Мелкая паста птитим с креветками в сливочном соусе.","Qaymoqli sousda krevetka bilan mayda ptitim pasta.",european,yes,no,yes,no,no,🍝,,"[""gluten"",""lactose"",""seafood""]",no,no,yes,no,no,no,no,no,yes,no,no,yes,no,no,no,main,,no,no,
crab-shrimp-ravioli-129,Равиоли с крабом и креветками,Qisqichbaqa va krevetkali ravioli,"Равиоли с начинкой из краба и креветок.","Qisqichbaqa va krevetka ichligi bilan ravioli.",european,yes,no,yes,no,no,🥟,,"[""gluten"",""seafood"",""eggs""]",no,no,no,no,no,no,no,no,no,no,yes,yes,no,yes,no,main,,no,no,
risotto-03,Ризотто с белыми грибами,Oq qo‘ziqorinli rizotto,"Сливочное ризотто с белыми грибами, пармезаном и трюфельным маслом.","Oq qo‘ziqorin, parmezan va tryufel yog‘i bilan qaymoqli rizotto.",european,yes,no,yes,no,no,🍚,https://pgmrurujvvpxpembsqir.supabase.co/storage/v1/object/public/dishes/risotto-03.png,"[""lactose""]",no,no,yes,no,any,no,no,no,no,no,no,no,yes,no,no,main,,no,no,
seafood-risotto-128,Ризотто с морепродуктами,Dengiz mahsulotli rizotto,"Ризотто с ассорти морепродуктов.","Dengiz mahsulotlari bilan rizotto.",european,yes,no,yes,no,no,🍚,,"[""lactose"",""seafood""]",no,no,no,no,no,no,no,no,no,no,no,yes,yes,no,no,main,,no,no,
mediterranean-seabass-115,Сибас по-средиземноморски,O‘rta yer dengizi uslubidagi sibas,"Сибас с оливками и томатами в белом вине.","Oq vinoda zaytun va pomidor bilan sibas.",european,no,no,yes,no,no,🐟,,"[""seafood""]",no,no,no,no,no,no,no,no,no,no,no,yes,no,no,no,main,,no,no,
livornese-trout-116,Форель в соусе ливорнезе,Livorneze sousli forel,"Филе форели в томатном соусе с пюре и шпинатом.","Pomidorli sousda forel filesi, pyure va ismaloq bilan.",european,no,no,yes,no,no,🐟,,"[""lactose"",""seafood""]",no,no,no,no,no,no,no,no,no,no,no,yes,no,no,no,main,,no,no,
dorado-tomatoes-capers-117,Дорадо с томатами и каперсами,Pomidor va kapersli dorado,"Филе дорадо с томатами и каперсами.","Pomidor va kapers bilan dorado filesi.",european,no,no,yes,no,no,🐟,,"[""seafood""]",no,no,no,no,no,no,no,no,no,no,no,yes,no,no,no,main,,no,no,
trout-pesto-118,Форель с томатами и песто,Pomidor va pestoli forel,"Филе форели со свежими томатами и соусом песто.","Yangi pomidor va pesto sousi bilan forel filesi.",european,no,no,yes,no,no,🐟,,"[""lactose"",""nuts"",""seafood""]",no,no,no,no,no,no,no,no,no,no,no,yes,no,no,no,main,,no,no,
grilled-trout-153,Форель гриль,Grilda forel,"Форель на гриле с овощами.","Sabzavotlar bilan grilda pishirilgan forel.",european,no,no,yes,no,no,🐟,,"[""seafood""]",no,no,no,no,no,no,no,no,no,yes,no,yes,no,no,no,main,,no,no,
grilled-shrimp-148,Креветки гриль,Grilda krevetka,"Креветки, приготовленные на гриле.","Grilda pishirilgan krevetkalar.",european,no,no,yes,no,no,🦐,,"[""seafood""]",no,no,no,no,no,no,no,no,no,yes,no,yes,no,no,no,main,,no,no,
stuffed-squid-147,Фаршированный кальмар,Ichlikli kalmar,"Кальмар с начинкой, приготовленный на гриле.","Ichlik bilan grilda pishirilgan kalmar.",european,no,no,yes,no,no,🦑,,"[""seafood""]",no,no,no,no,no,no,no,no,no,yes,no,yes,no,no,no,main,,no,no,
ribeye-steak-144,Стейк рибай,Ribay steyk,"Мраморный говяжий стейк рибай на гриле.","Grilda pishirilgan marmar mol go‘shti ribay steyki.",european,yes,yes,yes,no,no,🥩,,[],no,no,yes,no,no,no,no,no,no,yes,no,no,no,no,no,main,,no,no,
grilled-filet-mignon-152,Филе-миньон,File minyon,"Филе-миньон на гриле со шпинатом и белыми грибами.","Ismaloq va oq qo‘ziqorin bilan grilda file minyon.",european,any,yes,yes,no,no,🥩,,[],no,no,no,no,no,no,no,no,no,yes,no,no,no,no,no,main,,no,no,
lamb-rack-150,Каре ягнёнка,Qo‘zichoq kare,"Каре ягнёнка на гриле с овощами.","Sabzavotlar bilan grilda qo‘zichoq kare.",european,yes,yes,yes,no,no,🍖,,[],no,no,yes,no,no,no,no,no,no,yes,no,no,no,no,no,main,,no,no,
grilled-duck-breast-146,Утиная грудка гриль,Grilda o‘rdak ko‘kragi,"Утиная грудка, приготовленная на гриле.","Grilda pishirilgan o‘rdak ko‘kragi.",european,any,yes,yes,no,no,🦆,,[],no,no,yes,no,no,no,no,no,no,yes,no,no,no,no,no,main,,no,no,
grilled-chicken-149,Цыплёнок гриль,Grilda jo‘ja,"Цыплёнок, приготовленный на гриле.","Grilda pishirilgan jo‘ja.",european,any,yes,yes,no,no,🍗,,[],no,no,no,no,no,no,no,no,no,yes,no,no,no,no,no,main,,yes,no,
chicken-mozzarella-136,Куриная грудка с моцареллой,Motsarellali tovuq ko‘kragi,"Куриная грудка, запечённая с моцареллой, с овощами.","Motsarella bilan pishirilgan tovuq ko‘kragi sabzavotlar bilan.",european,no,yes,yes,no,no,🍗,,"[""lactose""]",no,no,no,no,yes,no,no,no,no,no,no,no,no,no,no,main,,yes,no,
chicken-cutlets-mash-137,Куриные котлеты с пюре,Pyureli tovuq kotletlari,"Куриные котлеты с картофельным пюре и грибным соусом.","Kartoshka pyuresi va qo‘ziqorin sousi bilan tovuq kotletlari.",european,yes,yes,yes,no,no,🍗,,"[""gluten"",""lactose"",""eggs""]",no,no,no,no,no,yes,no,no,no,no,no,no,no,no,no,main,,yes,no,
beef-cheeks-mash-139,Говяжьи щёчки с пюре,Pyureli mol yonoqlari,"Томлёные говяжьи щёчки с картофельным пюре.","Kartoshka pyuresi bilan dimlangan mol yonoqlari.",european,yes,yes,yes,no,no,🥩,,"[""lactose""]",no,no,yes,no,no,no,no,no,no,no,no,no,no,no,no,main,,no,no,
lamb-shank-vegetables-140,Голень ягнёнка с овощами,Sabzavotli qo‘zichoq boldiri,"Томлёная голень ягнёнка с овощами.","Sabzavotlar bilan dimlangan qo‘zichoq boldiri.",european,yes,yes,yes,no,no,🍖,,[],no,no,yes,any,no,no,no,no,no,no,no,no,no,no,no,main,,no,no,
beef-scaloppine-141,Скалоппине из говядины,Mol go‘shti skaloppinesi,"Тонкие обжаренные ломтики говядины с фасолью.","Loviya bilan qovurilgan yupqa mol go‘shti bo‘laklari.",european,no,yes,yes,no,no,🥩,,[],no,no,no,no,no,yes,no,no,no,no,no,no,no,no,no,main,,no,no,
crab-shrimp-bruschetta-79,Брускетта с крабом и креветками,Qisqichbaqa va krevetkali brusketta,"Поджаренный хлеб с крабом и креветками.","Qisqichbaqa va krevetka bilan qovurilgan non.",european,no,no,no,no,no,🥖,,"[""gluten"",""seafood""]",no,no,no,no,no,no,yes,yes,no,no,no,yes,no,yes,no,side,,no,no,
beef-carpaccio-81,Карпаччо из говядины,Mol go‘shti karpachchosi,"Тонко нарезанная сырая говядина с лёгкой заправкой.","Yengil sous bilan yupqa kesilgan xom mol go‘shti.",european,no,yes,no,no,no,🥩,,[],no,no,no,no,no,no,no,yes,no,no,no,no,no,no,no,side,,no,no,
beef-tartare-82,Тартар из говядины,Mol go‘shti tartari,"Рубленая сырая говядина с приправами и тостами.","Ziravorlar va tost bilan maydalangan xom mol go‘shti.",european,no,yes,no,no,no,🥩,,"[""gluten"",""eggs""]",no,no,no,no,no,no,no,yes,no,no,no,no,no,no,no,side,,no,no,
vitello-tonnato-84,Вителло тоннато,Vitello tonnato,"Тонкие ломтики телятины с тунцовым соусом и пармезаном.","Tunets sousi va parmezan bilan yupqa kesilgan buzoq go‘shti.",european,no,yes,no,no,no,🥩,,"[""lactose"",""seafood"",""eggs""]",no,no,no,no,yes,no,no,yes,no,no,no,no,no,no,no,side,,no,no,
chicken-liver-pate-85,Паштет из куриной печени,Tovuq jigari pashteti,"Нежный паштет из куриной печени с гренками.","Grenkalar bilan tovuq jigaridan yumshoq pashtet.",european,no,yes,no,no,no,🍞,,"[""gluten"",""lactose""]",no,no,yes,no,no,no,no,yes,no,no,no,no,no,no,no,side,,any,no,
burrata-tomatoes-86,Буррата с томатами,Pomidorli burrata,"Буррата со свежими томатами и бальзамической заправкой.","Yangi pomidor va balzamik sous bilan burrata.",european,no,no,no,no,no,🧀,,"[""lactose""]",no,no,yes,any,yes,no,no,yes,no,no,no,no,no,no,no,side,,no,no,
baked-eggplant-stracciatella-83,Печёный баклажан со страчателлой,Strachatellali pishirilgan baqlajon,"Печёный баклажан со страчателлой и томатами.","Strachatella va pomidor bilan pishirilgan baqlajon.",european,no,no,yes,no,no,🍆,,"[""lactose""]",no,no,no,yes,yes,no,no,yes,no,no,no,no,no,no,no,side,,no,no,
cucumber-yogurt-salad-90,Салат из огурцов с йогуртом,Yogurtli bodring salati,"Свежие огурцы с йогуртом и мятой.","Yogurt va yalpiz bilan yangi bodring.",european,no,no,no,no,no,🥒,,"[""lactose""]",no,no,no,yes,no,no,no,yes,no,no,no,no,no,no,no,side,,no,no,
vegetable-olive-salad-92,Овощной салат с оливками,Zaytunli sabzavot salati,"Салат из свежих овощей и оливок.","Yangi sabzavot va zaytundan salat.",european,no,no,no,no,no,🥗,,[],no,no,no,yes,no,no,no,yes,no,no,no,no,no,no,no,side,,no,no,
garlic-mussels-98,Мидии в чесночном соусе,Sarimsoqli sousdagi midiya,"Горячие мидии в чесночном соусе.","Sarimsoqli sousdagi issiq midiyalar.",european,no,no,yes,no,no,🦪,,"[""seafood""]",no,no,no,no,no,no,no,yes,no,no,no,yes,no,no,no,side,,no,no,
tuscan-langoustines-101,Лангустины по-тоскански,Toskancha langustinlar,"Лангустины, приготовленные в тосканском стиле.","Toskana uslubida tayyorlangan langustinlar.",european,no,no,yes,no,no,🦐,,"[""seafood""]",no,no,no,no,no,no,no,yes,no,no,no,yes,no,no,no,side,,no,no,
veal-liver-onion-mousse-100,Телячья печень с луковым муссом,Piyoz mussli buzoq jigari,"Обжаренная телячья печень с луковым муссом.","Piyoz mussi bilan qovurilgan buzoq jigari.",european,no,yes,yes,no,no,🥩,,[],no,no,no,no,no,yes,no,yes,no,no,no,no,no,no,no,side,,no,no,
grilled-vegetables-156,Овощи гриль,Grilda sabzavotlar,"Ассорти овощей, приготовленных на гриле.","Grilda pishirilgan sabzavotlar assortisi.",european,no,no,yes,no,no,🥦,,[],no,no,no,yes,no,no,no,yes,no,yes,no,no,no,no,no,side,,no,no,
baked-rosemary-potatoes-155,Печёный картофель с розмарином,Rozmarinli pishirilgan kartoshka,"Запечённый картофель с розмарином.","Rozmarin bilan pishirilgan kartoshka.",european,no,no,yes,no,no,🥔,,[],no,no,no,any,no,no,no,yes,no,no,no,no,no,no,no,side,,no,no,
mashed-potatoes-mushroom-157,Картофельное пюре с грибным соусом,Qo‘ziqorin sousli kartoshka pyuresi,"Картофельное пюре с грибным соусом велюте.","Qo‘ziqorinli velute sousi bilan kartoshka pyuresi.",european,no,no,yes,no,no,🥔,,"[""lactose""]",no,no,no,no,no,no,no,yes,no,no,no,no,no,no,no,side,,no,no,
tiramisu-16,Тирамису,Tiramisu,"Итальянский десерт с кремом маскарпоне, кофе и печеньем савоярди.","Maskarpone kremi, qahva va savoyardi pechenyesi bilan italyan deserti.",european,no,no,no,no,no,🍰,,"[""gluten"",""lactose"",""eggs""]",no,yes,yes,no,yes,no,no,no,no,no,no,no,no,yes,no,dessert,,no,no,
cannoli-160,Канноли,Kannoli,"Сицилийские хрустящие трубочки со сладкой начинкой из рикотты.","Rikottali shirin ichlik bilan sitsiliyacha qarsildoq trubochkalar.",european,no,no,no,no,no,🍰,,"[""gluten"",""lactose"",""eggs""]",no,yes,no,no,yes,no,yes,no,no,no,no,no,no,yes,no,dessert,,no,no,
chocolate-crostata-167,Шоколадная кростата,Shokoladli krostata,"Итальянский шоколадный тарт с малиной.","Malina bilan italyancha shokoladli tart.",european,no,no,no,no,no,🥧,,"[""gluten"",""lactose"",""eggs""]",no,yes,yes,no,no,no,no,no,no,no,no,no,no,yes,no,dessert,,no,no,
chocolate-mint-cake-164,Шоколадный торт с мятным кремом,Yalpiz kremli shokoladli tort,"Шоколадный торт с мятным кремом.","Yalpiz kremi bilan shokoladli tort.",european,no,no,no,no,no,🍰,,"[""gluten"",""lactose"",""eggs""]",no,yes,yes,no,no,no,no,no,no,no,no,no,no,yes,no,dessert,,no,no,
brownie-cookie-165,Брауни,Brauni,"Мягкий шоколадный десерт брауни.","Yumshoq shokoladli brauni deserti.",european,no,no,no,no,no,🍫,,"[""gluten"",""lactose"",""eggs""]",no,yes,no,no,no,no,yes,no,no,no,no,no,no,yes,no,dessert,,no,no,
gelato-158,Джелато,Jelato,"Итальянское сливочное мороженое.","Italyancha qaymoqli muzqaymoq.",european,no,no,no,no,no,🍨,,"[""lactose"",""eggs""]",no,yes,yes,no,no,no,no,no,no,no,no,no,no,no,no,dessert,,no,no,
sorbet-159,Сорбет,Sorbet,"Замороженный фруктовый десерт без молока.","Sutsiz muzlatilgan mevali desert.",european,no,no,no,no,no,🍧,,[],no,yes,no,no,no,no,no,no,no,no,no,no,no,no,no,dessert,,no,no,
burger-01,Бургер,Burger,"Булочка с говяжьей котлетой, овощами и соусом.","Mol go‘shti kotleti, sabzavot va sous bilan bulochka.",fast-food,yes,yes,yes,no,yes,🍔,https://pgmrurujvvpxpembsqir.supabase.co/storage/v1/object/public/dishes/burger-01.png,"[""gluten"",""lactose""]",no,no,yes,no,no,no,yes,no,no,no,no,no,no,no,no,main,,no,no,
jalapeno-burger-327,Бургер с халапеньо,Xalapenyoli burger,"Бургер с котлетой и острым перцем халапеньо.","Kotlet va achchiq xalapenyo qalampiri bilan burger.",fast-food,yes,yes,yes,no,yes,🍔,,"[""gluten""]",yes,no,yes,no,no,no,yes,no,no,no,no,no,no,no,no,main,,no,no,
burrito-08,Буррито,Burrito,"Тортилья с мясом, рисом, фасолью, сыром и соусом.","Go‘sht, guruch, loviya, pishloq va sous bilan tortilya.",fast-food,yes,yes,yes,no,yes,🌯,https://pgmrurujvvpxpembsqir.supabase.co/storage/v1/object/public/dishes/burrito-08.png,"[""gluten"",""lactose""]",any,no,no,no,any,no,yes,no,no,no,no,no,yes,no,no,main,,any,yes,
quesadilla-14,Кесадилья,Kesadilya,"Поджаренная тортилья с сыром и мясной начинкой.","Pishloq va go‘shtli ichlik bilan qovurilgan tortilya.",fast-food,yes,yes,yes,no,yes,🌮,https://pgmrurujvvpxpembsqir.supabase.co/storage/v1/object/public/dishes/quesadilla-14.png,"[""gluten"",""lactose""]",any,no,yes,no,yes,no,yes,yes,no,no,no,no,no,no,no,main,,any,yes,
taco-09,Тако,Tako,"Кукурузная лепёшка с мясом, овощами и сыром.","Go‘sht, sabzavot va pishloq bilan makkajo‘xori noni.",fast-food,any,yes,yes,no,yes,🌮,https://pgmrurujvvpxpembsqir.supabase.co/storage/v1/object/public/dishes/taco-09.png,"[""lactose""]",any,no,no,no,yes,no,yes,yes,no,no,no,no,no,no,no,main,,any,any,
club-sandwich-07,Клаб-сэндвич,Klab-sendvich,"Многослойный сэндвич с курицей, яйцом, сыром и овощами.","Tovuq, tuxum, pishloq va sabzavotlar bilan ko‘p qavatli sendvich.",fast-food,yes,yes,no,no,yes,🥪,https://pgmrurujvvpxpembsqir.supabase.co/storage/v1/object/public/dishes/club-sandwich-07.png,"[""gluten"",""lactose"",""eggs""]",no,no,no,no,any,no,yes,yes,no,no,no,no,no,any,no,main,,yes,no,
sub-sandwich-15,Саб-сэндвич,Sab-sendvich,"Длинный сэндвич с мясом, сыром и овощами.","Go‘sht, pishloq va sabzavotlar bilan uzun sendvich.",fast-food,yes,yes,no,no,yes,🥪,https://pgmrurujvvpxpembsqir.supabase.co/storage/v1/object/public/dishes/sub-sandwich-15.png,"[""gluten"",""lactose""]",no,no,no,no,any,no,yes,yes,no,no,no,no,no,any,no,main,,any,no,
haggi-300,Хагги,Xaggi,"Горячий багет с мясом, овощами, сыром и соусами.","Go‘sht, sabzavot, pishloq va souslar bilan issiq baget.",fast-food,yes,yes,yes,no,yes,🥖,,"[""gluten"",""lactose""]",no,no,no,no,any,no,yes,yes,no,no,no,no,no,any,no,main,,any,no,
longer-301,Лонгер,Longer,"Продолговатый сэндвич с хрустящей курицей, овощами и соусом.","Qarsildoq tovuq, sabzavot va sous bilan uzun sendvich.",fast-food,yes,yes,yes,no,yes,🥖,,"[""gluten""]",no,no,no,no,no,yes,yes,yes,no,no,no,no,no,any,no,main,,yes,no,
wrap-12,Лаваш,Lavash,"Мясо и свежие овощи с соусом, завёрнутые в тонкий лаваш.","Go‘sht, yangi sabzavot va sous yupqa lavashga o‘ralgan.",fast-food,yes,yes,yes,no,yes,🌯,https://pgmrurujvvpxpembsqir.supabase.co/storage/v1/object/public/dishes/wrap-12.png,"[""gluten""]",any,no,no,no,no,no,yes,yes,no,no,no,no,no,no,no,main,,any,yes,
pita-doner-299,Пита-донер,Pita doner,"Донерное мясо с овощами и соусом в пите.","Pita ichida doner go‘shti, sabzavot va sous.",fast-food,yes,yes,yes,no,yes,🥙,,"[""gluten""]",any,no,no,no,no,no,yes,yes,no,no,no,no,no,no,no,main,,any,any,
doner-mix-324,Донер-микс,Doner miks,"Донерное мясо с картофелем, овощами и соусом на тарелке.","Likopchada kartoshka, sabzavot va sous bilan doner go‘shti.",fast-food,yes,yes,yes,no,yes,🥙,,[],any,no,yes,no,no,no,no,no,no,no,no,no,no,no,no,main,,any,no,
hot-dog-03,Хот-дог,Hot-dog,"Булочка с сосиской и соусами.","Sosiska va souslar bilan bulochka.",fast-food,yes,yes,yes,no,yes,🌭,https://pgmrurujvvpxpembsqir.supabase.co/storage/v1/object/public/dishes/hot-dog-03.png,"[""gluten""]",no,no,yes,no,no,no,yes,yes,no,no,no,no,no,no,no,main,,no,no,
corn-dog-13,Корн-дог,Korn-dog,"Сосиска в кукурузном тесте на палочке.","Tayoqchadagi makkajo‘xori xamiridagi sosiska.",fast-food,yes,yes,yes,no,yes,🌭,https://pgmrurujvvpxpembsqir.supabase.co/storage/v1/object/public/dishes/corn-dog-13.png,"[""gluten"",""eggs""]",no,no,yes,no,no,yes,yes,yes,no,no,no,no,no,any,no,main,,no,no,
fried-chicken-05,Жареная курица,Qovurilgan tovuq,"Кусочки курицы в хрустящей панировке, обжаренные во фритюре.","Frityurda qovurilgan qarsildoq panirdagi tovuq bo‘laklari.",fast-food,yes,yes,yes,no,yes,🍗,https://pgmrurujvvpxpembsqir.supabase.co/storage/v1/object/public/dishes/fried-chicken-05.png,"[""gluten""]",any,no,yes,no,no,yes,yes,no,no,no,no,no,no,no,no,main,,yes,no,
egg-cheddar-muffin-312,Маффин с яйцом и чеддером,Tuxum va cheddarli maffin,"Английский маффин с яйцом и сыром чеддер.","Tuxum va cheddar pishlog‘i bilan ingliz maffini.",fast-food,no,no,yes,no,yes,🥪,,"[""gluten"",""lactose"",""eggs""]",no,no,no,no,yes,no,yes,yes,no,no,no,no,no,any,no,main,,no,no,
caesar-salad-320,Салат Цезарь,Sezar salati,"Салат с листьями салата, сыром, сухариками и соусом Цезарь.","Salat barglari, pishloq, suxari va Sezar sousi bilan salat.",fast-food,no,no,no,no,yes,🥗,,"[""gluten"",""lactose"",""eggs""]",no,no,no,yes,any,no,no,no,no,no,no,no,no,no,no,main,,yes,no,
chicken-wings-16,Куриные крылышки,Tovuq qanotchalari,"Куриные крылышки в хрустящей панировке.","Qarsildoq panirdagi tovuq qanotchalari.",fast-food,no,yes,yes,no,yes,🍗,,"[""gluten""]",any,no,yes,no,no,yes,yes,yes,no,no,no,no,no,no,no,side,,yes,no,
nuggets-06,Наггетсы,Naggetslar,"Кусочки куриного филе в хрустящей панировке.","Qarsildoq panirdagi tovuq filesi bo‘laklari.",fast-food,no,yes,yes,no,yes,🍗,https://pgmrurujvvpxpembsqir.supabase.co/storage/v1/object/public/dishes/nuggets-06.png,"[""gluten"",""eggs""]",no,no,yes,no,no,yes,yes,yes,no,no,no,no,no,no,no,side,,yes,no,
chicken-strips-306,Куриные стрипсы,Tovuq stripslari,"Полоски куриного филе в хрустящей панировке.","Qarsildoq panirdagi tovuq filesi tasmachalari.",fast-food,no,yes,yes,no,yes,🍗,,"[""gluten""]",no,no,yes,no,no,yes,yes,yes,no,no,no,no,no,no,no,side,,yes,no,
fries-04,Картофель фри,Kartoshka fri,"Жареные картофельные палочки.","Qovurilgan kartoshka tayoqchalari.",fast-food,no,no,yes,no,yes,🍟,https://pgmrurujvvpxpembsqir.supabase.co/storage/v1/object/public/dishes/fries-04.png,[],no,no,yes,no,no,yes,yes,yes,no,no,no,no,no,no,no,side,,no,no,
potato-wedges-309,Картофель по-деревенски,Qishloqcha kartoshka,"Картофельные дольки со специями, обжаренные до румяной корочки.","Qizarguncha qovurilgan ziravorli kartoshka bo‘laklari.",fast-food,no,no,yes,no,yes,🥔,,"[""gluten""]",no,no,yes,no,no,yes,yes,yes,no,no,no,no,no,no,no,side,,no,no,
onion-rings-11,Луковые кольца,Piyoz halqalari,"Кольца лука в хрустящей панировке.","Qarsildoq panirdagi piyoz halqalari.",fast-food,no,no,yes,no,yes,🧅,https://pgmrurujvvpxpembsqir.supabase.co/storage/v1/object/public/dishes/onion-rings-11.png,"[""gluten"",""eggs""]",no,no,yes,yes,no,yes,yes,yes,no,no,no,no,no,no,no,side,,no,no,
cheese-fingers-322,Сырные палочки,Pishloq tayoqchalari,"Сырные палочки в хрустящей панировке, обжаренные во фритюре.","Frityurda qovurilgan qarsildoq panirdagi pishloq tayoqchalari.",fast-food,no,no,yes,no,yes,🧀,,"[""gluten"",""lactose""]",no,no,yes,no,yes,yes,yes,yes,no,no,no,no,no,no,no,side,,no,no,
adana-kebab-220,Адана-кебаб,Adana kabob,"Острый кебаб из рубленой баранины, приготовленный на мангале.","Mangalda pishirilgan qo‘y qiymasidan achchiq kabob.",middle-east,yes,yes,yes,no,no,🍢,,[],yes,no,yes,no,no,no,no,no,no,yes,no,no,no,no,no,main,,no,no,
urfa-kebab-221,Урфа-кебаб,Urfa kabob,"Кебаб из рубленого мяса с мягкими специями, приготовленный на мангале.","Mangalda pishirilgan yumshoq ziravorli qiyma kabob.",middle-east,yes,yes,yes,no,no,🍢,,[],no,no,yes,no,no,no,no,no,no,yes,no,no,no,no,no,main,,no,no,
ali-nazik-kebab-222,Али назик кебаб,Ali nazik kabob,"Кебаб на пюре из печёного баклажана с йогуртом.","Yogurtli pishirilgan baqlajon pyuresi ustida kabob.",middle-east,yes,yes,yes,no,no,🍢,,"[""lactose""]",no,no,no,any,no,no,no,no,no,yes,no,no,no,no,no,main,,no,no,
kofta-07,Изгара кёфте,Izgara ko‘fte,"Котлеты из говядины и ягнёнка на гриле с баклажановым пюре и йогуртом.","Baqlajon pyuresi va yogurt bilan grilda mol va qo‘zichoq ko‘ftesi.",middle-east,yes,yes,yes,no,no,🍢,https://pgmrurujvvpxpembsqir.supabase.co/storage/v1/object/public/dishes/kofta-07.png,"[""lactose""]",no,no,no,no,no,no,no,no,no,yes,no,no,no,no,no,main,,no,no,
kashar-kofte-228,Кёфте с сыром,Pishloqli ko‘fte,"Кёфте на гриле с начинкой из сыра кашар.","Kashar pishlog‘i solingan grilda pishirilgan ko‘fte.",middle-east,yes,yes,yes,no,no,🍢,,"[""lactose""]",no,no,yes,no,yes,no,no,no,no,yes,no,no,no,no,no,main,,no,no,
juicy-kofte-229,Кёфте в томатном соусе,Pomidor sousidagi ko‘fte,"Небольшие мясные кёфте в томатном соусе.","Pomidor sousidagi kichik go‘shtli ko‘ftelar.",middle-east,yes,yes,yes,no,no,🍝,,[],no,no,no,no,no,no,no,no,no,no,no,no,no,no,no,main,,no,no,
kashar-beyti-223,Бейти с сыром,Pishloqli beyti,"Кебаб из баранины в лаваше с томатным соусом, сыром кашар и фисташками.","Lavashdagi qo‘y kabobi pomidor sousi, Kashar pishlog‘i va pista bilan.",middle-east,yes,yes,yes,no,no,🌯,,"[""gluten"",""lactose"",""nuts""]",any,no,yes,no,yes,no,no,no,no,yes,no,no,no,no,no,main,,no,yes,
iskender-kebab-224,Искандер-кебаб,Iskandar kabob,"Донер на лепёшке с томатным соусом, йогуртом и топлёным маслом.","Non ustida doner pomidor sousi, yogurt va eritilgan sariyog‘ bilan.",middle-east,yes,yes,yes,no,no,🥙,,"[""gluten"",""lactose""]",no,no,yes,no,no,no,no,no,no,no,no,no,no,no,no,main,,no,no,
doner-01,Дюрюм,Dyurum,"Донер с овощами и чесночным соусом, завёрнутый в тонкую лепёшку.","Yupqa nonga o‘ralgan sabzavot va sarimsoqli sousli doner.",middle-east,yes,yes,yes,no,yes,🌯,https://pgmrurujvvpxpembsqir.supabase.co/storage/v1/object/public/dishes/doner-01.png,"[""gluten""]",any,no,no,no,no,no,yes,yes,no,no,no,no,no,no,no,main,,any,yes,
arayes-241,Арайес,Arayes,"Пита с мясной начинкой, поджаренная до хрустящей корочки.","Go‘shtli ichlik solingan, qarsildoq qilib pishirilgan pita.",middle-east,yes,yes,yes,no,any,🥙,,"[""gluten""]",any,no,yes,no,no,no,yes,no,no,no,no,no,no,any,no,main,,no,any,
crispy-manti-231,Хрустящие турецкие манты,Qarsildoq turk mantisi,"Мини-манты с говядиной, обжаренные и поданные с йогуртом и томатным соусом.","Mol go‘shtli mini manti qovurilib, yogurt va pomidor sousi bilan.",middle-east,yes,yes,yes,no,no,🥟,,"[""gluten"",""lactose""]",no,no,yes,no,no,yes,no,no,no,no,yes,no,no,yes,no,main,,no,no,
lahmacun-232,Лахмаджун,Lahmajun,"Тонкая хрустящая лепёшка с мясным фаршем, овощами и специями.","Qiyma, sabzavot va ziravorlar bilan yupqa qarsildoq non.",middle-east,no,yes,yes,no,yes,🫓,,"[""gluten""]",any,no,no,no,no,yes,yes,yes,no,no,no,no,no,yes,no,main,,no,no,
beef-pide-233,Пиде с мясом,Go‘shtli pide,"Турецкая лодочка из теста с говядиной, овощами и специями.","Mol go‘shti, sabzavot va ziravorlar bilan turkcha xamir qayiqcha.",middle-east,yes,yes,yes,no,any,🫓,,"[""gluten""]",no,no,no,no,no,no,yes,no,no,no,no,no,no,yes,no,main,,no,no,
kashar-beef-pide-235,Пиде с мясом и сыром,Go‘sht va pishloqli pide,"Пиде с говядиной, овощами и сыром кашар.","Mol go‘shti, sabzavot va Kashar pishlog‘i bilan pide.",middle-east,yes,yes,yes,no,any,🫓,,"[""gluten"",""lactose""]",no,no,yes,no,yes,no,yes,no,no,no,no,no,no,yes,no,main,,no,no,
cheese-pide-236,Пиде с сыром,Pishloqli pide,"Турецкое пиде с расплавленным сыром кашар.","Eritilgan Kashar pishlog‘i bilan turkcha pide.",middle-east,yes,no,yes,no,any,🫓,,"[""gluten"",""lactose""]",no,no,yes,no,yes,no,yes,yes,no,no,no,no,no,yes,no,main,,no,no,
spinach-cheese-pide-237,Пиде со шпинатом и сыром,Ismaloq va pishloqli pide,"Закрытое пиде со шпинатом и сыром кашар.","Ismaloq va Kashar pishlog‘i bilan yopiq pide.",middle-east,yes,no,yes,no,any,🫓,,"[""gluten"",""lactose""]",no,no,no,any,yes,no,yes,no,no,no,no,no,no,yes,no,main,,no,no,
manakish-09,Манакиш с заатаром,Zaatarli manakish,"Арабская лепёшка с ароматной смесью заатар и оливковым маслом.","Zaatar ziravori va zaytun yog‘i bilan arabcha yassi non.",middle-east,no,no,yes,no,yes,🫓,https://pgmrurujvvpxpembsqir.supabase.co/storage/v1/object/public/dishes/manakish-09.png,"[""gluten""]",no,no,no,no,no,no,yes,yes,no,no,no,no,no,yes,no,main,,no,no,
simit-sandwich-269,Симит-сэндвич,Simit sendvich,"Кунжутный бублик симит с мясом, свежими овощами и заправкой.","Go‘sht, yangi sabzavot va sous bilan kunjutli simit.",middle-east,no,yes,no,no,yes,🥯,,"[""gluten""]",no,no,no,no,no,no,yes,yes,no,no,no,no,no,yes,no,main,,no,no,
lebanese-beef-244,Пряная говядина по-ливански,Livancha ziravorli mol go‘shti,"Тушёная пряная говядина с овощами в пите.","Pita ichida sabzavotlar bilan dimlangan ziravorli mol go‘shti.",middle-east,yes,yes,yes,no,no,🥙,,"[""gluten""]",any,no,no,no,no,no,yes,no,no,no,no,no,no,no,no,main,,no,any,
aleppo-chicken-243,Лимонный цыплёнок по-алеппски,Halabcha limonli jo‘ja,"Цыплёнок с лимоном, оливковым маслом, сумахом и чили.","Limon, zaytun yog‘i, sumak va chili bilan jo‘ja.",middle-east,yes,yes,yes,no,no,🍗,,[],yes,no,no,no,no,no,no,no,no,no,no,no,no,no,no,main,,yes,no,
harbiya-chicken-247,Курица харбия,Harbiya tovug‘i,"Маринованные куриные бёдра на гриле с рисом и овощами.","Guruch va sabzavotlar bilan grilda marinadlangan tovuq soni.",middle-east,yes,yes,yes,no,no,🍗,,[],no,no,no,no,no,no,no,no,no,yes,no,no,yes,no,no,main,,yes,no,
machboos-12,Кабса с ягнёнком,Qo‘zichoqli kabsa,"Томлёная голень ягнёнка с ароматным пряным рисом.","Xushbo‘y ziravorli guruch bilan dimlangan qo‘zichoq boldiri.",middle-east,yes,yes,yes,no,no,🍛,https://pgmrurujvvpxpembsqir.supabase.co/storage/v1/object/public/dishes/machboos-12.png,[],no,no,yes,no,no,no,no,no,no,no,no,no,yes,no,no,main,,no,no,
asado-ribs-246,Асадо из говяжьих рёбер,Mol qovurg‘asidan asado,"Томлёные говяжьи рёбра в пряном маринаде и глазури барбекю.","Ziravorli marinad va barbekyu glazurida dimlangan mol qovurg‘asi.",middle-east,yes,yes,yes,no,no,🍖,,[],no,no,yes,no,no,no,no,no,no,no,no,no,no,no,no,main,,no,no,
lamb-ribs-yogurt-248,Рёбрышки ягнёнка с баклажановым пюре,Baqlajon pyureli qo‘zichoq qovurg‘asi,"Рёбрышки ягнёнка на гриле с баклажановым пюре и йогуртом.","Baqlajon pyuresi va yogurt bilan grilda qo‘zichoq qovurg‘asi.",middle-east,yes,yes,yes,no,no,🍖,,"[""lactose""]",no,no,yes,any,no,no,no,no,no,yes,no,no,no,no,no,main,,no,no,
dorada-grill-249,Дорада на мангале,Mangalda dorada,"Целая дорада с травами, приготовленная на мангале.","Ko‘katlar bilan mangalda pishirilgan butun dorada.",middle-east,no,no,yes,no,no,🐟,,"[""seafood""]",no,no,no,no,no,no,no,no,no,yes,no,yes,no,no,no,main,,no,no,
trout-cheese-sauce-250,Форель с сырным соусом,Pishloq sousli forel,"Целая форель на гриле с сырным соусом.","Pishloq sousi bilan grilda pishirilgan butun forel.",middle-east,no,no,yes,no,no,🐟,,"[""lactose"",""seafood""]",no,no,no,no,yes,no,no,no,no,yes,no,yes,no,no,no,main,,no,no,
sucuk-eggs-268,Яичница с суджуком,Sudjukli quymoq,"Яичница с пряной турецкой колбасой суджук.","Ziravorli turk sudjugi bilan tuxum quymoq.",middle-east,no,yes,yes,no,no,🍳,,"[""eggs""]",no,no,yes,no,no,no,no,no,no,no,no,no,no,no,no,main,,no,no,
merdgimek-14,Суп Эзогелин,Ezogelin sho‘rvasi,"Турецкий суп из красной чечевицы, булгура, томатов и специй.","Qizil yasmiq, bulg‘ur, pomidor va ziravorlardan turkcha sho‘rva.",middle-east,no,no,yes,yes,no,🍲,https://pgmrurujvvpxpembsqir.supabase.co/storage/v1/object/public/dishes/merdgimek-14.png,"[""gluten""]",any,no,no,no,no,no,no,no,no,no,no,no,no,no,no,main,,no,no,
yayla-soup-265,Суп Яйла,Yayla sho‘rvasi,"Йогуртовый суп с рисом и сушёной мятой.","Guruch va quritilgan yalpiz bilan yogurtli sho‘rva.",middle-east,no,no,yes,yes,no,🍲,,"[""lactose""]",no,no,no,no,no,no,no,no,no,no,no,no,yes,no,no,main,,no,no,
tongue-soup-266,Суп из говяжьего языка,Mol tilidan sho‘rva,"Горячий суп из говяжьего языка с овощами.","Sabzavotlar bilan mol tilidan issiq sho‘rva.",middle-east,yes,yes,yes,yes,no,🍲,,[],no,no,no,no,no,no,no,no,no,no,no,no,no,no,no,main,,no,no,
choban-salad-262,Салат Чобан,Cho‘pon salati,"Турецкий салат из свежих рубленых овощей с гранатовой заправкой.","Anorli sous bilan yangi to‘g‘ralgan sabzavotlardan turkcha salat.",middle-east,no,no,no,no,no,🥗,,[],no,no,no,yes,no,no,no,no,no,no,no,no,no,no,no,main,,no,no,
lentil-orange-salad-261,Салат с чечевицей и апельсином,Yasmiq va apelsinli salat,"Салат из чечевицы, апельсина и овощей с гранатовой заправкой.","Anorli sous bilan yasmiq, apelsin va sabzavotlardan salat.",middle-east,no,no,no,no,no,🥗,,[],no,no,no,any,no,no,no,no,no,no,no,no,no,no,no,main,,no,no,
tulum-salad-263,Салат с сыром тулум,Tulum pishloqli salat,"Свежая зелень с козьим сыром тулум и цитрусовой заправкой.","Tulum echki pishlog‘i va sitrusli sous bilan yangi ko‘katlar.",middle-east,no,no,no,no,no,🥗,,"[""lactose""]",no,no,no,yes,yes,no,no,no,no,no,no,no,no,no,no,main,,no,no,
kibbeh-08,Ичли кёфте,Ichli ko‘fte,"Хрустящие шарики из булгура с мясной начинкой, обжаренные во фритюре.","Go‘shtli ichlik bilan frityurda qovurilgan qarsildoq bulg‘ur sharchalari.",middle-east,no,yes,yes,no,no,🧆,https://pgmrurujvvpxpembsqir.supabase.co/storage/v1/object/public/dishes/kibbeh-08.png,"[""gluten""]",no,no,yes,no,no,yes,yes,yes,no,no,no,no,no,no,no,side,,no,no,
hummus-04,Хумус из чечевицы,Yasmiqli humus,"Кремовая закуска из чечевицы с гранатом и оливковым маслом.","Anor va zaytun yog‘i bilan yasmiqdan kremli gazak.",middle-east,no,no,no,no,no,🥣,https://pgmrurujvvpxpembsqir.supabase.co/storage/v1/object/public/dishes/hummus-04.png,[],no,no,no,no,no,no,no,yes,no,no,no,no,no,no,no,side,,no,no,
baba-ganoush-11,Мутабаль,Mutabbal,"Закуска из печёного баклажана с тахини и лимоном.","Tahini va limon bilan pishirilgan baqlajondan gazak.",middle-east,no,no,no,no,no,🍆,https://pgmrurujvvpxpembsqir.supabase.co/storage/v1/object/public/dishes/baba-ganoush-11.png,[],no,no,no,yes,no,no,no,yes,no,no,no,no,no,no,no,side,,no,no,
muhammara-251,Мухаммара,Muhammara,"Паста из запечённого красного перца с грецким орехом и специями.","Pishirilgan qizil qalampir, yong‘oq va ziravorlardan pasta.",middle-east,no,no,no,no,no,🥣,,"[""gluten"",""nuts""]",yes,no,no,yes,no,no,no,yes,no,no,no,no,no,no,no,side,,no,no,
ezme-255,Эзме,Ezme,"Острая закуска из мелко рубленных томатов, перца и лука.","Mayda to‘g‘ralgan pomidor, qalampir va piyozdan achchiq gazak.",middle-east,no,no,no,no,no,🌶️,,[],yes,no,no,yes,no,no,no,yes,no,no,no,no,no,no,no,side,,no,no,
haydari-254,Хайдари,Haydari,"Густая закуска из йогурта с мятой и оливковым маслом.","Yalpiz va zaytun yog‘i bilan quyuq yogurtli gazak.",middle-east,no,no,no,no,no,🥣,,"[""lactose""]",no,no,no,no,no,no,no,yes,no,no,no,no,no,no,no,side,,no,no,
taramosalata-253,Тарамасалата,Taramasalata,"Кремовая закуска из рыбной икры с оливковым маслом.","Baliq ikrasi va zaytun yog‘idan kremli gazak.",middle-east,no,no,no,no,no,🥣,,"[""seafood""]",no,no,no,no,no,no,no,yes,no,no,no,yes,no,no,no,side,,no,no,
labneh-beet-259,Лабне со свёклой,Lavlagili labne,"Мягкий сыр лабне с запечённой свёклой, зеленью и оливковым маслом.","Pishirilgan lavlagi, ko‘kat va zaytun yog‘i bilan yumshoq labne pishlog‘i.",middle-east,no,no,no,no,no,🥣,,"[""lactose""]",no,no,no,any,yes,no,no,yes,no,no,no,no,no,no,no,side,,no,no,
labneh-lentil-260,Лабне с чечевичным хумусом,Yasmiqli humus bilan labne,"Лабне с чечевичным хумусом, овощами, орехами и гранатом.","Yasmiqli humus, sabzavot, yong‘oq va anor bilan labne.",middle-east,no,no,no,no,no,🥣,,"[""lactose"",""nuts""]",no,no,no,no,yes,no,no,yes,no,no,no,no,no,no,no,side,,no,no,
turkish-dolma-257,Турецкая овощная долма,Turkcha sabzavotli do‘lma,"Долма из риса, орехов и овощей со специями.","Guruch, yong‘oq va sabzavotlardan ziravorli do‘lma.",middle-east,no,no,no,no,no,🥬,,"[""nuts""]",no,no,no,yes,no,no,no,yes,no,no,no,no,yes,no,no,side,,no,no,
sucuk-267,Суджук,Sudjuk,"Пряная вяленая турецкая говяжья колбаса.","Ziravorli quritilgan turkcha mol go‘shti kolbasasi.",middle-east,no,yes,no,no,no,🥩,,[],any,no,yes,no,no,no,no,yes,no,no,no,no,no,no,no,side,,no,no,
baklava-16,Баклава,Baklava,"Многослойная пахлава с фисташками, пропитанная сиропом.","Sirop shimdirilgan pistali ko‘p qatlamli paxlava.",middle-east,no,no,no,no,no,🍯,,"[""gluten"",""nuts""]",no,yes,yes,no,no,no,yes,no,no,no,no,no,no,yes,no,dessert,,no,no,
cold-baklava-272,Холодная баклава,Sovuq baklava,"Баклава с фисташками, пропитанная молочным соусом, с шоколадом.","Sutli sous shimdirilgan, shokoladli va pistali sovuq baklava.",middle-east,no,no,no,no,no,🍯,,"[""gluten"",""lactose"",""nuts""]",no,yes,yes,no,no,no,no,no,no,no,no,no,no,yes,no,dessert,,no,no,
katmer-271,Катмер,Katmer,"Тёплый десерт из тонкого слоёного теста со сливками и фисташками.","Qaymoq va pista bilan yupqa qatlama xamirdan iliq desert.",middle-east,no,no,yes,no,no,🥮,,"[""gluten"",""lactose"",""nuts""]",no,yes,yes,no,no,no,no,no,no,no,no,no,no,yes,no,dessert,,no,no,
honey-pistachio-pide-238,Сладкое пиде с мёдом и фисташками,Asal va pistali shirin pide,"Пиде с сыром, фисташками, каймаком и мёдом.","Pishloq, pista, qaymoq va asal bilan pide.",middle-east,no,no,yes,no,no,🍯,,"[""gluten"",""lactose"",""nuts""]",no,yes,no,no,yes,no,yes,no,no,no,no,no,no,yes,no,dessert,,no,no,
honey-kaymak-270,Каймак с мёдом,Asalli qaymoq,"Густые сливки каймак с натуральным мёдом.","Tabiiy asal bilan quyuq qaymoq.",middle-east,no,no,no,no,no,🍯,,"[""lactose""]",no,yes,yes,no,no,no,no,no,no,no,no,no,no,no,no,dessert,,no,no,
trilece-275,Трилече,Trileche,"Бисквитный десерт, пропитанный смесью трёх видов молока.","Uch xil sut aralashmasiga shimdirilgan biskvitli desert.",middle-east,no,no,no,no,no,🍰,,"[""gluten"",""lactose"",""eggs""]",no,yes,no,no,no,no,no,no,no,no,no,no,no,yes,no,dessert,,no,no,
borsch-01,Борщ,Borsh,"Свекольный суп с говядиной, капустой и овощами, подаётся со сметаной.","Mol go‘shti, karam va sabzavotlar bilan lavlagi sho‘rvasi, smetana bilan.",slavic,yes,yes,yes,yes,no,🍲,https://pgmrurujvvpxpembsqir.supabase.co/storage/v1/object/public/dishes/borsch-01.png,"[""lactose""]",no,no,no,any,no,no,no,no,no,no,no,no,no,no,no,main,,no,no,
shchi-12,Щи,Shchi,"Суп из капусты с мясом и овощами, подаётся со сметаной.","Go‘sht va sabzavotlar bilan karam sho‘rvasi, smetana bilan.",slavic,yes,yes,yes,yes,no,🍲,https://pgmrurujvvpxpembsqir.supabase.co/storage/v1/object/public/dishes/shchi-12.png,"[""lactose""]",no,no,no,any,no,no,no,no,no,no,no,no,no,no,no,main,,no,no,
solyanka-04,Солянка,Solyanka,"Кисло-солёный суп с мясом, копчёностями, солёными огурцами и оливками.","Go‘sht, dudlangan mahsulotlar, tuzlangan bodring va zaytun bilan nordon-sho‘r sho‘rva.",slavic,yes,yes,yes,yes,no,🍲,https://pgmrurujvvpxpembsqir.supabase.co/storage/v1/object/public/dishes/solyanka-04.png,[],no,no,yes,no,no,no,no,no,no,no,no,no,no,no,no,main,,no,no,
okroshka-05,Окрошка,Okroshka,"Холодный суп на квасе или кефире с картофелем, мясом, яйцом, огурцом и зеленью.","Kvas yoki kefirda kartoshka, go‘sht, tuxum, bodring va ko‘kat bilan sovuq sho‘rva.",slavic,no,yes,no,yes,no,🥣,https://pgmrurujvvpxpembsqir.supabase.co/storage/v1/object/public/dishes/okroshka-05.png,"[""lactose"",""eggs""]",no,no,no,any,no,no,no,no,no,no,no,no,no,no,no,main,,no,no,
chicken-noodle-soup-278,Домашняя лапша с курицей,Tovuqli uy lag‘moni sho‘rvasi,"Куриный суп с домашней лапшой и зеленью.","Uy lag‘moni va ko‘kat bilan tovuq sho‘rvasi.",slavic,no,yes,yes,yes,no,🍜,,"[""gluten"",""eggs""]",no,no,no,no,no,no,no,no,yes,no,no,no,no,no,no,main,,yes,no,
pelmeni-02,Пельмени,Pelmen,"Варёные изделия из теста с мясной начинкой, подаются со сметаной.","Go‘shtli ichlikli qaynatilgan xamir mahsulotlari, smetana bilan.",slavic,yes,yes,yes,no,no,🥟,https://pgmrurujvvpxpembsqir.supabase.co/storage/v1/object/public/dishes/pelmeni-02.png,"[""gluten"",""lactose"",""eggs""]",no,no,no,no,no,no,no,no,no,no,yes,no,no,yes,no,main,,no,no,
vareniki-03,Вареники,Vareniki,"Изделия из теста с картофелем или творогом, подаются со сметаной.","Kartoshka yoki tvorogli xamir mahsulotlari, smetana bilan.",slavic,yes,no,yes,no,no,🥟,https://pgmrurujvvpxpembsqir.supabase.co/storage/v1/object/public/dishes/vareniki-03.png,"[""gluten"",""lactose"",""eggs""]",no,any,no,no,no,no,no,no,no,no,yes,no,no,yes,no,main,,no,no,
pirozhki-13,Пирожки,Pirojki,"Небольшая выпечка с мясной, овощной или сладкой начинкой.","Go‘shtli, sabzavotli yoki shirin ichlikli kichik pishiriqlar.",slavic,no,any,yes,no,yes,🥟,https://pgmrurujvvpxpembsqir.supabase.co/storage/v1/object/public/dishes/pirozhki-13.png,"[""gluten"",""eggs""]",no,any,no,no,no,any,yes,yes,no,no,no,no,no,yes,no,main,,no,no,
blini-15,Блины,Blinlar,"Тонкие блины с мясной или сладкой начинкой.","Go‘shtli yoki shirin ichlikli yupqa blinlar.",slavic,no,any,yes,no,any,🥞,https://pgmrurujvvpxpembsqir.supabase.co/storage/v1/object/public/dishes/blini-15.png,"[""gluten"",""lactose"",""eggs""]",no,any,no,no,no,no,yes,yes,no,no,no,no,no,yes,no,main,,no,no,
syrniki-11,Сырники,Sirniki,"Творожные оладьи, обжаренные на сковороде, со сметаной или вареньем.","Tovada qovurilgan tvorogli quymoqlar, smetana yoki murabbo bilan.",slavic,no,no,yes,no,no,🥞,https://pgmrurujvvpxpembsqir.supabase.co/storage/v1/object/public/dishes/syrniki-11.png,"[""gluten"",""lactose"",""eggs""]",no,yes,no,no,any,yes,no,yes,no,no,no,no,no,no,no,main,,no,no,
draniki-07,Драники,Draniki,"Картофельные оладьи, обжаренные на сковороде, со сметаной.","Tovada qovurilgan kartoshka quymoqlari, smetana bilan.",slavic,yes,no,yes,no,no,🥔,https://pgmrurujvvpxpembsqir.supabase.co/storage/v1/object/public/dishes/draniki-07.png,"[""gluten"",""lactose"",""eggs""]",no,no,yes,no,no,yes,no,no,no,no,no,no,no,no,no,main,,no,no,
cutlet-10,Котлета по-пожарски,Pojarskiy kotleti,"Нежная куриная котлета в хрустящей панировке.","Qarsildoq panirdagi yumshoq tovuq kotleti.",slavic,yes,yes,yes,no,no,🍗,https://pgmrurujvvpxpembsqir.supabase.co/storage/v1/object/public/dishes/cutlet-10.png,"[""gluten"",""lactose"",""eggs""]",no,no,yes,no,no,yes,no,no,no,no,no,no,no,no,no,main,,yes,no,
chicken-kiev-286,Котлета по-киевски,Kiyevcha kotlet,"Куриное филе со сливочным маслом внутри, обжаренное в хрустящей панировке.","Ichida sariyog‘ bo‘lgan, qarsildoq panirda qovurilgan tovuq filesi.",slavic,yes,yes,yes,no,no,🍗,,"[""gluten"",""lactose"",""eggs""]",no,no,yes,no,no,yes,no,no,no,no,no,no,no,no,no,main,,yes,no,
homemade-meatballs-292,Тефтели по-домашнему,Uycha teftellar,"Мясные тефтели в соусе с картофельным пюре или крупой.","Kartoshka pyuresi yoki yorma bilan sousdagi go‘shtli teftellar.",slavic,yes,yes,yes,no,no,🍝,,[],no,no,no,no,no,no,no,no,no,no,no,no,no,no,no,main,,no,no,
stroganoff-14,Бефстроганов,Befstroganov,"Полоски говядины в сливочно-сметанном соусе.","Qaymoqli-smetanali sousdagi mol go‘shti bo‘laklari.",slavic,yes,yes,yes,no,no,🥩,https://pgmrurujvvpxpembsqir.supabase.co/storage/v1/object/public/dishes/stroganoff-14.png,"[""lactose""]",no,no,yes,no,no,no,no,no,no,no,no,no,no,no,no,main,,no,no,
golubtsy-06,Голубцы,Golubsi,"Капустные листья с начинкой из мяса и риса, тушённые в соусе.","Sousda dimlangan go‘sht va guruchli karam barglari.",slavic,yes,yes,yes,no,no,🥬,https://pgmrurujvvpxpembsqir.supabase.co/storage/v1/object/public/dishes/golubtsy-06.png,"[""lactose""]",no,no,no,any,no,no,no,no,no,no,no,no,no,no,no,main,,no,no,
home-style-roast-288,Жаркое по-домашнему,Uycha qovurma,"Мясо, обжаренное и потушенное с картофелем и луком.","Kartoshka va piyoz bilan qovurib dimlangan go‘sht.",slavic,yes,yes,yes,no,no,🥘,,[],no,no,yes,no,no,yes,no,no,no,no,no,no,no,no,no,main,,no,no,
french-style-meat-293,Мясо по-французски,Fransuzcha go‘sht,"Мясо, запечённое с луком, томатами и сыром.","Piyoz, pomidor va pishloq bilan pishirilgan go‘sht.",slavic,yes,yes,yes,no,no,🥩,,"[""lactose"",""eggs""]",no,no,yes,no,yes,no,no,no,no,no,no,no,no,no,no,main,,no,no,
kupaty-289,Купаты,Kupati,"Сочные мясные колбаски, обжаренные на гриле.","Grilda qovurilgan shirali go‘sht kolbasalari.",slavic,yes,yes,yes,no,no,🌭,,[],no,no,yes,no,no,no,no,no,no,any,no,no,no,no,no,main,,no,no,
navy-style-pasta-287,Макароны по-флотски,Flotcha makaron,"Макароны с обжаренным мясным фаршем и луком.","Qovurilgan qiyma va piyoz bilan makaron.",slavic,yes,yes,yes,no,no,🍝,,"[""gluten""]",no,no,yes,no,no,no,no,no,yes,no,no,no,no,no,no,main,,no,no,
olivier-277,Оливье,Olivye,"Салат с картофелем, овощами, яйцом, мясом и майонезом.","Kartoshka, sabzavot, tuxum, go‘sht va mayonezli salat.",slavic,no,any,no,no,no,🥗,,"[""eggs""]",no,no,yes,any,no,no,no,no,no,no,no,no,no,no,no,main,,any,no,
herring-under-fur-coat-285,Сельдь под шубой,Po‘stin ostidagi seld,"Слоёный салат из сельди, картофеля, моркови, свёклы, яйца и майонеза.","Seld, kartoshka, sabzi, lavlagi, tuxum va mayonezdan qatlamli salat.",slavic,no,no,no,no,no,🥗,,"[""seafood"",""eggs""]",no,no,yes,any,no,no,no,no,no,no,no,yes,no,no,no,main,,no,no,
vinaigrette-291,Винегрет,Vinegret,"Салат из свёклы, картофеля, моркови и солёных огурцов с растительным маслом.","Lavlagi, kartoshka, sabzi va tuzlangan bodringdan o‘simlik yog‘li salat.",slavic,no,no,no,no,no,🥗,,[],no,no,no,yes,no,no,no,yes,no,no,no,no,no,no,no,side,,no,no,
sauerkraut-salad-294,Салат из квашеной капусты,Tuzlangan karam salati,"Квашеная капуста с луком и растительным маслом.","Piyoz va o‘simlik yog‘i bilan tuzlangan karam.",slavic,no,no,no,no,no,🥬,,[],no,no,no,yes,no,no,no,yes,no,no,no,no,no,no,no,side,,no,no,
herring-potatoes-276,Сельдь с картофелем,Kartoshkali seld,"Сельдь с отварным картофелем, луком и маслом.","Qaynatilgan kartoshka, piyoz va yog‘ bilan seld.",slavic,no,no,no,no,no,🐟,,"[""seafood""]",no,no,no,no,no,no,no,yes,no,no,no,yes,no,no,no,side,,no,no,
kholodets-08,Холодец,Xolodets,"Застывший мясной бульон с кусочками мяса.","Go‘sht bo‘laklari bilan qotirilgan go‘sht sho‘rvasi.",slavic,no,yes,no,no,no,🍖,https://pgmrurujvvpxpembsqir.supabase.co/storage/v1/object/public/dishes/kholodets-08.png,[],no,no,yes,no,no,no,no,yes,no,no,no,no,no,no,no,side,,no,no,
buckwheat-09,Гречневая каша,Grechka bo‘tqasi,"Рассыпчатая гречневая каша со сливочным маслом.","Sariyog‘ bilan grechka bo‘tqasi.",slavic,no,no,yes,no,no,🍚,https://pgmrurujvvpxpembsqir.supabase.co/storage/v1/object/public/dishes/buckwheat-09.png,"[""lactose""]",no,no,no,no,no,no,no,yes,no,no,no,no,no,no,no,side,,no,no,
medovik-282,Медовик,Medovik,"Многослойный медовый торт с нежным сметанным кремом.","Yumshoq smetana kremli ko‘p qatlamli asalli tort.",slavic,no,no,no,no,no,🍰,,"[""gluten"",""lactose"",""eggs""]",no,yes,yes,no,no,no,no,no,no,no,no,no,no,yes,no,dessert,,no,no,
napoleon-283,Наполеон,Napoleon,"Слоёный торт с заварным кремом.","Qaynatma kremli qatlama tort.",slavic,no,no,no,no,no,🍰,,"[""gluten"",""lactose"",""eggs""]",no,yes,yes,no,no,no,no,no,no,no,no,no,no,yes,no,dessert,,no,no,
smetannik-284,Сметанник,Smetannik,"Мягкий бисквитный торт со сметанным кремом.","Smetana kremli yumshoq biskvit tort.",slavic,no,no,no,no,no,🍰,,"[""gluten"",""lactose"",""eggs""]",no,yes,yes,no,no,no,no,no,no,no,no,no,no,yes,no,dessert,,no,no,
cheeseburger-401,Чизбургер,Chizburger,"Говяжья котлета, сыр чеддер, маринованные огурцы, лук и соусы в булочке.","Bulochkada mol go‘shti kotleti, chedder pishlog‘i, tuzlangan bodring, piyoz va souslar.",fast-food,yes,yes,yes,no,yes,🍔,,"[""gluten"",""lactose""]",no,no,yes,no,yes,no,yes,no,no,no,no,no,no,no,no,main,generated,no,no,
double-cheeseburger-402,Двойной чизбургер,Qo‘sh chizburger,"Две говяжьи котлеты, два ломтика чеддера, огурцы и соусы в булочке.","Bulochkada ikki mol go‘shti kotleti, ikki bo‘lak chedder, bodring va souslar.",fast-food,yes,yes,yes,no,yes,🍔,,"[""gluten"",""lactose""]",no,no,yes,no,yes,no,yes,no,no,no,no,no,no,no,no,main,generated,no,no,
chicken-burger-403,Чикенбургер,Chikenburger,"Куриное филе в хрустящей панировке с салатом и соусом в булочке.","Bulochkada qarsildoq panirovkadagi tovuq filesi, salat bargi va sous.",fast-food,yes,yes,yes,no,yes,🍔,,"[""gluten"",""eggs""]",no,no,yes,no,no,yes,yes,no,no,no,no,no,no,no,no,main,generated,yes,no,
spicy-chicken-burger-404,Острый чикенбургер,Achchiq chikenburger,"Острое куриное филе в панировке с салатом и пикантным соусом в булочке.","Bulochkada achchiq panirovkadagi tovuq filesi, salat bargi va achchiq sous.",fast-food,yes,yes,yes,no,yes,🍔,,"[""gluten"",""eggs""]",yes,no,yes,no,no,yes,yes,no,no,no,no,no,no,no,no,main,generated,yes,no,
bacon-burger-405,Бургер с говяжьим беконом,Mol go‘shti bekonli burger,"Говяжья котлета, хрустящий говяжий бекон, чеддер, овощи и соус барбекю.","Mol go‘shti kotleti, qarsildoq mol go‘shti bekoni, chedder, sabzavotlar va barbekyu sousi.",fast-food,yes,yes,yes,no,yes,🍔,,"[""gluten"",""lactose""]",no,no,yes,no,any,no,yes,no,no,no,no,no,no,no,no,main,generated,no,no,
egg-burger-406,Бургер с яйцом,Tuxumli burger,"Говяжья котлета с жареным яйцом, сыром, овощами и соусом в булочке.","Bulochkada qovurilgan tuxum, pishloq, sabzavot va sous bilan mol go‘shti kotleti.",fast-food,yes,yes,yes,no,yes,🍔,,"[""gluten"",""lactose"",""eggs""]",no,no,yes,no,any,no,yes,no,no,no,no,no,no,no,no,main,generated,no,no,
mushroom-burger-407,Бургер с грибами,Qo‘ziqorinli burger,"Говяжья котлета с жареными шампиньонами, сыром и сливочным соусом.","Qovurilgan shampinyon, pishloq va qaymoqli sous bilan mol go‘shti kotleti.",fast-food,yes,yes,yes,no,yes,🍔,,"[""gluten"",""lactose""]",no,no,yes,no,any,no,yes,no,no,no,no,no,no,no,no,main,generated,no,no,
chicken-roll-408,Куриный ролл,Tovuqli roll,"Тортилья с курицей в хрустящей панировке, свежими овощами и соусом.","Qarsildoq panirovkadagi tovuq, yangi sabzavotlar va sous bilan tortilya.",fast-food,yes,yes,yes,no,yes,🌯,,"[""gluten"",""eggs""]",any,no,no,no,no,any,yes,yes,no,no,no,no,no,no,no,main,generated,yes,yes,
hashbrown-roll-409,Ролл с курицей и хашбрауном,Tovuq va heshbraunli roll,"Тортилья с курицей в панировке, картофельным хашбрауном, сыром и соусом.","Panirovkadagi tovuq, kartoshkali heshbraun, pishloq va sous bilan tortilya.",fast-food,yes,yes,yes,no,yes,🌯,,"[""gluten"",""lactose"",""eggs""]",no,no,yes,no,any,yes,yes,yes,no,no,no,no,no,no,no,main,generated,yes,yes,
chicken-lavash-410,Лаваш с курицей,Tovuqli lavash,"Курица на гриле с овощами, картофелем фри и соусом в тонком лаваше.","Yupqa lavashda gril tovuq, sabzavotlar, fri kartoshka va sous.",fast-food,yes,yes,yes,no,yes,🌯,,"[""gluten"",""eggs""]",any,no,no,no,no,no,yes,yes,no,no,no,no,no,no,no,main,generated,yes,yes,
cheese-lavash-411,Сырный лаваш,Pishloqli lavash,"Мясо с овощами, соусом и расплавленным сыром в поджаренном лаваше.","Qizartirilgan lavashda go‘sht, sabzavotlar, sous va erigan pishloq.",fast-food,yes,yes,yes,no,yes,🌯,,"[""gluten"",""lactose""]",any,no,yes,no,yes,no,yes,yes,no,no,no,no,no,no,no,main,generated,any,yes,
french-hot-dog-412,Французский хот-дог,Fransuzcha hot-dog,"Горячий багет с сосиской внутри и соусом.","Ichida sosiska va sous bo‘lgan issiq baget.",fast-food,yes,yes,yes,no,yes,🌭,,"[""gluten"",""eggs""]",no,no,yes,no,no,any,yes,yes,no,no,no,no,no,no,no,main,generated,no,no,
sausage-roll-413,Сосиска в тесте,Xamirdagi sosiska,"Сосиска, запечённая в дрожжевом тесте.","Xamirga o‘rab pishirilgan sosiska.",fast-food,any,yes,any,no,yes,🌭,,"[""gluten"",""lactose"",""eggs""]",no,no,no,no,no,no,yes,yes,no,no,no,no,no,yes,no,main,generated,no,no,
doner-bread-414,Донер в хлебе,Nondagi doner,"Донерное мясо с овощами и соусом в хрустящем турецком хлебе.","Qarsildoq turk nonida doner go‘shti, sabzavotlar va sous.",fast-food,yes,yes,yes,no,yes,🥙,,"[""gluten""]",any,no,no,no,no,no,yes,yes,no,no,no,no,no,no,no,main,generated,any,no,
grilled-chicken-sandwich-415,Сэндвич с курицей гриль,Gril tovuqli sendvich,"Курица на гриле с овощами, сыром и соусом в поджаренном хлебе.","Qizartirilgan nonda gril tovuq, sabzavotlar, pishloq va sous.",fast-food,yes,yes,yes,no,yes,🥪,,"[""gluten"",""lactose"",""eggs""]",no,no,no,no,any,no,yes,yes,no,yes,no,no,no,any,no,main,generated,yes,no,
chicken-quesadilla-416,Кесадилья с курицей,Tovuqli kesadilya,"Поджаренная тортилья с курицей, сыром, перцем и соусом.","Tovuq, pishloq, qalampir va sous bilan qizartirilgan tortilya.",fast-food,yes,yes,yes,no,yes,🌮,,"[""gluten"",""lactose""]",any,no,any,no,yes,no,yes,yes,no,no,no,no,no,no,no,main,generated,yes,yes,
chicken-doner-plate-417,Донер-микс с курицей,Tovuqli doner-miks,"Куриный донер с картофелем фри, овощами и соусом на тарелке.","Likopchada tovuqli doner, fri kartoshka, sabzavotlar va sous.",fast-food,yes,yes,yes,no,yes,🥙,,"[""gluten""]",any,no,no,no,no,any,no,no,no,no,no,no,no,no,no,main,generated,yes,no,
doner-fries-418,Картофель фри с донером,Donerli fri kartoshka,"Картофель фри с донерным мясом, соусом и сыром.","Doner go‘shti, sous va pishloq bilan fri kartoshka.",fast-food,yes,yes,yes,no,yes,🍟,,"[""lactose""]",any,no,yes,no,yes,any,no,no,no,no,no,no,no,no,no,main,generated,no,no,
ukha-419,Уха,Uxa,"Прозрачный рыбный суп с картофелем, морковью и зеленью.","Kartoshka, sabzi va ko‘kat bilan tiniq baliq sho‘rvasi.",slavic,no,no,yes,yes,no,🍲,,"[""seafood""]",no,no,no,no,no,no,no,no,no,no,no,yes,no,no,no,main,generated,no,no,
rassolnik-420,Рассольник,Rassolnik,"Суп с солёными огурцами, перловкой, картофелем и мясом.","Tuzlangan bodring, arpa yormasi, kartoshka va go‘sht bilan sho‘rva.",slavic,yes,yes,yes,yes,no,🍲,,"[""gluten"",""lactose""]",no,no,no,no,no,no,no,no,no,no,no,no,no,no,no,main,generated,no,no,
pea-soup-421,Гороховый суп,No‘xat sho‘rva,"Густой суп из гороха с копчёностями и картофелем.","Dudlangan go‘sht va kartoshka bilan quyuq no‘xat sho‘rvasi.",slavic,yes,yes,yes,yes,no,🍲,,"[]",no,no,no,no,no,no,no,no,no,no,no,no,no,no,no,main,generated,no,no,
svekolnik-422,Свекольник,Lavlagi sho‘rvasi,"Холодный суп из свёклы с огурцом, яйцом, зеленью и сметаной.","Bodring, tuxum, ko‘kat va smetana bilan sovuq lavlagi sho‘rvasi.",slavic,no,no,no,yes,no,🥣,,"[""lactose"",""eggs""]",no,no,no,any,no,no,no,no,no,no,no,no,no,no,no,main,generated,no,no,
goulash-423,Гуляш,Gulyash,"Тушёная говядина в густой подливе с гарниром.","Garnir bilan quyuq qaylada dimlangan mol go‘shti.",slavic,yes,yes,yes,no,no,🍛,,"[""gluten""]",no,no,yes,no,no,no,no,no,no,no,no,no,any,no,no,main,generated,no,no,
fried-potatoes-mushrooms-424,Жареная картошка с грибами,Qo‘ziqorinli qovurilgan kartoshka,"Картофель, обжаренный с шампиньонами и луком.","Shampinyon va piyoz bilan qovurilgan kartoshka.",slavic,yes,no,yes,no,no,🥔,,"[]",no,no,yes,any,no,yes,no,no,no,no,no,no,no,no,no,main,generated,no,no,
puree-sausages-425,Пюре с сосисками,Sosiskali pyure,"Картофельное пюре со сливочным маслом и отварными сосисками.","Sariyog‘li kartoshka pyuresi va qaynatilgan sosiskalar.",slavic,yes,yes,yes,no,any,🌭,,"[""lactose""]",no,no,yes,no,no,no,no,no,no,no,no,no,no,no,no,main,generated,no,no,
home-cutlets-426,Домашние котлеты с пюре,Pyure bilan uy kotletlari,"Котлеты из говяжьего фарша с картофельным пюре.","Kartoshka pyuresi bilan mol go‘shti qiymasidan kotletlar.",slavic,yes,yes,yes,no,no,🍽️,,"[""gluten"",""lactose"",""eggs""]",no,no,yes,no,no,any,no,no,no,no,no,no,no,no,no,main,generated,no,no,
stuffed-peppers-427,Фаршированный перец,Qiyma to‘ldirilgan qalampir,"Болгарский перец с мясом и рисом, тушённый в томатном соусе.","Pomidor sousida dimlangan go‘sht va guruch to‘ldirilgan bolgar qalampiri.",slavic,yes,yes,yes,no,no,🫑,,"[""lactose""]",no,no,no,any,no,no,no,no,no,no,no,no,no,no,no,main,generated,no,no,
liver-stroganoff-428,Печень по-строгановски,Stroganovcha jigar,"Говяжья печень, тушённая в сметанном соусе с луком.","Piyoz bilan smetanali sousda dimlangan mol jigari.",slavic,yes,yes,yes,no,no,🥩,,"[""lactose""]",no,no,yes,no,no,no,no,no,no,no,no,no,no,no,no,main,generated,no,no,
potato-casserole-429,Картофельная запеканка с мясом,Go‘shtli kartoshka zapekankasi,"Запечённое картофельное пюре с мясным фаршем и сырной корочкой.","Qiyma va pishloq qobig‘i bilan pishirilgan kartoshka pyuresi.",slavic,yes,yes,yes,no,no,🥘,,"[""lactose"",""eggs""]",no,no,yes,no,yes,no,no,no,no,no,no,no,no,no,no,main,generated,no,no,
fried-pelmeni-430,Жареные пельмени,Qovurilgan pelmen,"Пельмени, обжаренные до румяной корочки, со сметаной.","Smetana bilan qizartirib qovurilgan pelmenlar.",slavic,yes,yes,yes,no,no,🥟,,"[""gluten"",""lactose"",""eggs""]",no,no,yes,no,no,yes,no,no,no,no,yes,no,no,yes,no,main,generated,no,no,
meat-blini-431,Блины с мясом,Go‘shtli blin,"Тонкие блины с начинкой из жареного мясного фарша.","Qovurilgan qiyma to‘ldirilgan yupqa blinlar.",slavic,yes,yes,yes,no,any,🥞,,"[""gluten"",""lactose"",""eggs""]",no,no,no,no,no,no,yes,yes,no,no,no,no,no,yes,no,main,generated,no,no,
tom-yum-432,Том ям,Tom yam,"Острый тайский суп с креветками, грибами, лемонграссом и кокосовым молоком.","Krevetka, qo‘ziqorin, limon o‘ti va kokos suti bilan achchiq tay sho‘rvasi.",asian,no,no,yes,yes,no,🍲,,"[""seafood""]",yes,no,no,yes,no,no,no,no,no,no,no,yes,any,no,no,main,generated,no,no,
pad-thai-433,Пад тай,Pad tay,"Жареная рисовая лапша с курицей, яйцом, ростками и арахисом.","Tovuq, tuxum, maysa va yeryong‘oq bilan qovurilgan guruch lag‘moni.",asian,yes,yes,yes,no,any,🍜,,"[""eggs"",""nuts"",""seafood""]",any,no,no,no,no,no,no,no,yes,no,no,no,no,no,no,main,generated,yes,no,
pho-bo-434,Фо бо,Fo bo,"Вьетнамский суп с рисовой лапшой, говядиной и свежей зеленью.","Guruch lag‘moni, mol go‘shti va yangi ko‘katlar bilan vyetnam sho‘rvasi.",asian,yes,yes,yes,yes,no,🍜,,"[""seafood""]",any,no,no,no,no,no,no,no,yes,no,no,no,no,no,no,main,generated,no,no,
bibimbap-435,Бибимбап,Bibimbap,"Рис с овощами, говядиной, яйцом и острой пастой кочхуджан.","Sabzavotlar, mol go‘shti, tuxum va achchiq kochxujan pastasi bilan guruch.",asian,yes,yes,yes,no,no,🍚,,"[""gluten"",""eggs""]",any,no,no,any,no,no,no,no,no,no,no,no,yes,no,no,main,generated,no,no,
kuksi-436,Кукси,Kuksi,"Холодная лапша в кисло-сладком бульоне с говядиной, огурцом и яйцом.","Nordon-shirin sovuq sho‘rvada mol go‘shti, bodring va tuxum bilan lag‘mon.",asian,no,yes,no,yes,no,🍜,,"[""gluten"",""eggs""]",any,no,no,no,no,no,no,no,yes,no,no,no,no,no,no,main,generated,no,no,
bulgogi-437,Пулькоги,Pulkogi,"Маринованная говядина, обжаренная с луком, с рисом.","Guruch bilan piyozda qovurilgan marinadlangan mol go‘shti.",asian,yes,yes,yes,no,no,🥩,,"[""gluten""]",no,no,no,no,no,no,no,no,no,any,no,no,yes,no,no,main,generated,no,no,
kimchi-stew-438,Кимчи-чиге,Kimchi-chige,"Острый суп-рагу из кимчи с мясом и тофу, подаётся с рисом.","Go‘sht va tofu bilan kimchidan achchiq sho‘rva, guruch bilan tortiladi.",asian,yes,yes,yes,yes,no,🍲,,"[]",yes,no,no,any,no,no,no,no,no,no,no,no,any,no,no,main,generated,no,no,
chicken-udon-439,Удон с курицей,Tovuqli udon,"Толстая пшеничная лапша, обжаренная с курицей и овощами в соусе терияки.","Teriyaki sousida tovuq va sabzavotlar bilan qovurilgan yo‘g‘on bug‘doy lag‘moni.",asian,yes,yes,yes,no,any,🍜,,"[""gluten""]",no,no,no,no,no,no,no,no,yes,no,no,no,no,no,no,main,generated,yes,no,
sweet-sour-chicken-440,Курица в кисло-сладком соусе,Nordon-shirin sousli tovuq,"Кусочки курицы в кляре с перцем и ананасом в кисло-сладком соусе.","Qalampir va ananas bilan nordon-shirin sousdagi xamirga botirilgan tovuq bo‘laklari.",asian,yes,yes,yes,no,no,🍗,,"[""gluten"",""eggs""]",no,no,no,no,no,yes,no,no,no,no,no,no,any,no,no,main,generated,yes,no,
guobaorou-441,Гобаожоу,Gobaojou,"Хрустящая говядина в кляре в кисло-сладком соусе по-китайски.","Xitoycha nordon-shirin sousdagi qarsildoq xamirli mol go‘shti.",asian,yes,yes,yes,no,no,🥩,,"[""gluten""]",no,no,yes,no,no,yes,no,no,no,no,no,no,no,no,no,main,generated,no,no,
kung-pao-chicken-442,Курица гунбао,Gunbao tovuq,"Курица, обжаренная в воке с арахисом, перцем чили и овощами.","Yeryong‘oq, chili qalampiri va sabzavotlar bilan vokda qovurilgan tovuq.",asian,yes,yes,yes,no,no,🍗,,"[""gluten"",""nuts""]",yes,no,no,no,no,no,no,no,no,no,no,no,any,no,no,main,generated,yes,no,
mapo-tofu-443,Мапо тофу,Mapo tofu,"Тофу в остром соусе с мясным фаршем и сычуаньским перцем.","Qiyma va sichuan qalampiri bilan achchiq sousdagi tofu.",asian,any,yes,yes,no,no,🥘,,"[""gluten""]",yes,no,no,no,no,no,no,no,no,no,no,no,any,no,no,main,generated,no,no,
wok-noodles-chicken-444,Лапша вок с курицей,Tovuqli vok lag‘mon,"Яичная лапша, обжаренная в воке с курицей, овощами и соевым соусом.","Tovuq, sabzavotlar va soya sousi bilan vokda qovurilgan tuxumli lag‘mon.",asian,yes,yes,yes,no,any,🍜,,"[""gluten"",""eggs""]",any,no,no,no,no,no,no,no,yes,no,no,no,no,no,no,main,generated,yes,no,
chicken-katsu-445,Куриный кацу с рисом,Guruchli tovuq katsu,"Куриное филе в панировке панко с рисом, капустой и соусом.","Guruch, karam va sous bilan panko panirovkasidagi tovuq filesi.",asian,yes,yes,yes,no,no,🍛,,"[""gluten"",""eggs""]",no,no,no,no,no,yes,no,no,no,no,no,no,yes,no,no,main,generated,yes,no,
oyakodon-446,Оякодон,Oyakodon,"Рис с курицей и яйцом, томлёнными в сладковатом соусе даси.","Dasi sousida dimlangan tovuq va tuxum bilan guruch.",asian,yes,yes,yes,no,no,🍚,,"[""gluten"",""eggs"",""seafood""]",no,no,no,no,no,no,no,no,no,no,no,no,yes,no,no,main,generated,yes,no,
california-roll-447,Ролл Калифорния,Kaliforniya roll,"Ролл с крабом, авокадо, огурцом и икрой масаго.","Qisqichbaqa, avokado, bodring va masago ikrasi bilan roll.",asian,no,no,no,no,any,🍣,,"[""seafood"",""eggs""]",no,no,no,no,no,no,yes,yes,no,no,no,yes,yes,no,no,main,generated,no,no,
salmon-poke-448,Поке с лососем,Qizil baliqli poke,"Рис с сырым лососем, авокадо, эдамаме, огурцом и соусом.","Xom qizil baliq, avokado, edamame, bodring va sous bilan guruch.",asian,no,no,no,no,any,🥗,,"[""gluten"",""seafood""]",no,no,no,yes,no,no,no,no,no,no,no,yes,yes,no,no,main,generated,no,no,
pyanse-449,Пянсе,Pyanse,"Корейские паровые пирожки с мясом, капустой и острой заправкой.","Go‘sht, karam va achchiq ziravor bilan koreyscha bug‘da pishgan pirog.",asian,any,yes,yes,no,any,🥟,,"[""gluten""]",any,no,no,no,no,no,yes,yes,no,no,yes,no,no,yes,yes,main,generated,no,no,
cheesecake-450,Чизкейк Нью-Йорк,Nyu-York chizkeyki,"Плотный сливочный чизкейк на песочной основе.","Qumloq asosdagi zich qaymoqli chizkeyk.",european,no,no,no,no,no,🍰,,"[""gluten"",""lactose"",""eggs""]",no,yes,yes,no,yes,no,no,no,no,no,no,no,no,yes,no,dessert,generated,no,no,
panna-cotta-451,Панна-котта,Panna-kotta,"Нежный сливочный десерт с ягодным соусом.","Rezavor sousli nozik qaymoqli desert.",european,no,no,no,no,no,🍮,,"[""lactose""]",no,yes,yes,no,no,no,no,no,no,no,no,no,no,no,no,dessert,generated,no,no,
eclair-452,Эклер,Ekler,"Заварное пирожное с кремом и шоколадной глазурью.","Krem va shokolad glazuri bilan qaynatma xamirli pirojniy.",european,no,no,no,no,no,🍫,,"[""gluten"",""lactose"",""eggs""]",no,yes,yes,no,no,no,yes,no,no,no,no,no,no,yes,no,dessert,generated,no,no,
profiteroles-453,Профитроли,Profiterollar,"Маленькие заварные шарики с кремом под шоколадным соусом.","Shokolad sousi ostida krem to‘ldirilgan kichik qaynatma xamir sharchalari.",european,no,no,no,no,no,🧁,,"[""gluten"",""lactose"",""eggs""]",no,yes,yes,no,no,no,no,no,no,no,no,no,no,yes,no,dessert,generated,no,no,
apple-strudel-454,Яблочный штрудель,Olmali shtrudel,"Тонкое тесто с яблоками и корицей, подаётся тёплым с мороженым.","Olma va dolchin bilan yupqa xamir, muzqaymoq bilan iliq tortiladi.",european,no,no,yes,no,no,🥧,,"[""gluten"",""lactose"",""eggs""]",no,yes,no,no,no,no,no,no,no,no,no,no,no,yes,no,dessert,generated,no,no,
chocolate-fondant-455,Шоколадный фондан,Shokoladli fondan,"Тёплый шоколадный кекс с жидкой серединой и шариком мороженого.","Ichi suyuq iliq shokoladli keks va bir shar muzqaymoq.",european,no,no,yes,no,no,🍫,,"[""gluten"",""lactose"",""eggs""]",no,yes,yes,no,no,no,no,no,no,no,no,no,no,yes,no,dessert,generated,no,no,
belgian-waffles-456,Бельгийские вафли,Belgiya vaflilari,"Хрустящие вафли с ягодами, сиропом и мороженым.","Rezavorlar, sirop va muzqaymoq bilan qarsildoq vaflilar.",european,no,no,yes,no,no,🧇,,"[""gluten"",""lactose"",""eggs""]",no,yes,no,no,no,no,no,no,no,no,no,no,no,yes,no,dessert,generated,no,no,
praga-cake-457,Торт «Прага»,«Praga» torti,"Шоколадный бисквит с шоколадным кремом и глазурью.","Shokolad kremi va glazuri bilan shokoladli biskvit.",slavic,no,no,no,no,no,🍰,,"[""gluten"",""lactose"",""eggs""]",no,yes,yes,no,no,no,no,no,no,no,no,no,no,yes,no,dessert,generated,no,no,
bird-milk-458,Птичье молоко,«Qush suti» torti,"Воздушное суфле на тонком бисквите под шоколадной глазурью.","Yupqa biskvit ustida shokolad glazuri ostidagi havodor sufle.",slavic,no,no,no,no,no,🍰,,"[""gluten"",""lactose"",""eggs""]",no,yes,no,no,no,no,no,no,no,no,no,no,no,yes,no,dessert,generated,no,no,
kartoshka-459,Пирожное «Картошка»,«Kartoshka» pirojniysi,"Пирожное из бисквитной крошки с какао и сливочным кремом.","Kakao va qaymoqli krem bilan biskvit ushog‘idan pirojniy.",slavic,no,no,no,no,no,🍫,,"[""gluten"",""lactose"",""eggs""]",no,yes,no,no,no,no,yes,no,no,no,no,no,no,yes,no,dessert,generated,no,no,
condensed-milk-tube-460,Трубочка со сгущёнкой,Quyultirilgan sutli trubochka,"Хрустящая вафельная трубочка с кремом из варёной сгущёнки.","Qaynatilgan quyultirilgan sut kremli qarsildoq vafli trubochka.",slavic,no,no,no,no,no,🥐,,"[""gluten"",""lactose"",""eggs""]",no,yes,no,no,no,no,yes,no,no,no,no,no,no,yes,no,dessert,generated,no,no,
blini-condensed-461,Блины со сгущёнкой,Quyultirilgan sutli blinlar,"Тонкие блины со сгущённым молоком.","Quyultirilgan sut bilan yupqa blinlar.",slavic,no,no,yes,no,no,🥞,,"[""gluten"",""lactose"",""eggs""]",no,yes,no,no,no,no,yes,no,no,no,no,no,no,yes,no,dessert,generated,no,no,
cherry-vareniki-462,Вареники с вишней,Olchali vareniki,"Вареники с вишней, подаются со сметаной и сахаром.","Smetana va shakar bilan tortiladigan olchali vareniki.",slavic,no,no,yes,no,no,🥟,,"[""gluten"",""lactose"",""eggs""]",no,yes,no,no,no,no,no,no,no,no,yes,no,no,yes,no,dessert,generated,no,no,
plombir-463,Пломбир,Plombir,"Классическое сливочное мороженое.","Klassik qaymoqli muzqaymoq.",slavic,no,no,no,no,no,🍦,,"[""lactose""]",no,yes,yes,no,no,no,no,no,no,no,no,no,no,no,no,dessert,generated,no,no,
chak-chak-464,Чак-чак,Chak-chak,"Обжаренные кусочки теста в медовом сиропе.","Asal siropidagi qovurilgan xamir bo‘lakchalari.",central-asia,0.5,no,no,no,no,🍯,,"[""gluten"",""eggs""]",0,1,0.5,no,no,yes,yes,no,no,no,no,no,no,yes,no,dessert,generated,no,no,
nishalda-465,Нишалда,Nishalda,"Воздушная белковая сладость на сахарном сиропе с корнем солодки.","Qand siropi va qizilmiya ildizi bilan havodor oqsilli shirinlik.",central-asia,0.25,no,no,no,no,🍮,,"[""eggs""]",0,1,0,no,no,no,no,no,no,no,no,no,no,no,no,dessert,generated,no,no,
halva-466,Кунжутная халва,Kunjutli holva,"Плотная восточная сладость из кунжутной пасты и сахара.","Kunjut pastasi va shakardan tayyorlangan zich sharq shirinligi.",central-asia,0.5,no,no,no,no,🍯,,"[]",0,1,0.75,no,no,no,yes,no,no,no,no,no,no,no,no,dessert,generated,no,no,
kunefe-467,Кюнефе,Kyunefe,"Горячий десерт из теста кадаиф с сыром в сиропе и фисташками.","Pishloq, sirop va pista bilan kadaif xamiridan issiq desert.",middle-east,no,no,yes,no,no,🍯,,"[""gluten"",""lactose"",""nuts""]",no,yes,yes,no,yes,no,no,no,no,no,no,no,no,yes,no,dessert,generated,no,no,
sutlac-468,Сютлач,Syutlach,"Турецкий запечённый рисовый пудинг на молоке с корицей.","Dolchin bilan sutda pishirilgan turkcha guruch pudingi.",middle-east,no,no,no,no,no,🍮,,"[""lactose""]",no,yes,no,no,no,no,no,no,no,no,no,no,yes,no,no,dessert,generated,no,no,
turkish-ice-cream-469,Турецкое мороженое,Turk muzqaymog‘i,"Тягучее мороженое мараш на салепе, часто с фисташками.","Salepli cho‘ziluvchan maraş muzqaymog‘i, ko‘pincha pista bilan.",middle-east,no,no,no,no,no,🍨,,"[""lactose"",""nuts""]",no,yes,no,no,no,no,no,no,no,no,no,no,no,no,no,dessert,generated,no,no,
